path,club_id,club_name,season,url,size_bytes,sha256,parsed_rows,retrieved_at
data/raw/transfermarkt_pages/989_2017_transfers.html,989,AFC Bournemouth,2017,https://www.transfermarkt.com/-/transfers/verein/989/saison_id/2017,181433,81784dc5c27c468f710dfa8fd0c9abae51ecd8803e9525865cbf1a99813d5c94,29,2026-09-12T18:29:28Z
data/raw/transfermarkt_pages/989_2018_transfers.html,989,AFC Bournemouth,2018,https://www.transfermarkt.com/-/transfers/verein/989/saison_id/2018,183428,d2a77ccffde33835e58f6584e58df3b2f9282148c6f1f4366cee42eaf3033d4d,30,2026-09-12T18:29:34Z
data/raw/transfermarkt_pages/989_2019_transfers.html,989,AFC Bournemouth,2019,https://www.transfermarkt.com/-/transfers/verein/989/saison_id/2019,174449,f254bbcec93baa4b240b310e83b01b28db78152ebec24707cd5a6267e52eccc0,25,2026-09-12T18:29:40Z
data/raw/transfermarkt_pages/989_2020_transfers.html,989,AFC Bournemouth,2020,https://www.transfermarkt.com/-/transfers/verein/989/saison_id/2020,193124,10857915a1d3be03bf03615646732280c607ac4bff8c19e4c21dcf276104de34,36,2026-09-12T18:29:47Z
data/raw/transfermarkt_pages/989_2021_transfers.html,989,AFC Bournemouth,2021,https://www.transfermarkt.com/-/transfers/verein/989/saison_id/2021,199065,fe39abebb190086d5d38f91e13a7f01d40e7e6f5c70bf2f1e42d7f11f8372fcf,39,2026-09-12T18:29:53Z
data/raw/transfermarkt_pages/989_2022_transfers.html,989,AFC Bournemouth,2022,https://www.transfermarkt.com/-/transfers/verein/989/saison_id/2022,182724,ff16fd5f784d4d37078cbf3b3e779109844f5156079808bfce1d1388ccbf4dc5,30,2026-09-12T18:30:00Z
data/raw/transfermarkt_pages/989_2023_transfers.html,989,AFC Bournemouth,2023,https://www.transfermarkt.com/-/transfers/verein/989/saison_id/2023,209412,5f40bda56867e4ed1ec9153305a41724322bdc8a72142828e086caa535da9562,44,2026-09-12T18:30:06Z
data/raw/transfermarkt_pages/11_2017_transfers.html,11,Arsenal FC,2017,https://www.transfermarkt.com/-/transfers/verein/11/saison_id/2017,181768,cd51ef1e67845300be58351c0249d2b12b6aaf1a091cd950e8488083dbef520f,26,2026-09-12T18:30:13Z
data/raw/transfermarkt_pages/11_2018_transfers.html,11,Arsenal FC,2018,https://www.transfermarkt.com/-/transfers/verein/11/saison_id/2018,186078,74659c361f728f212f8a91569241e758bbe2c94687476d5c7d66efe57d1916c8,29,2026-09-12T18:30:19Z
data/raw/transfermarkt_pages/11_2019_transfers.html,11,Arsenal FC,2019,https://www.transfermarkt.com/-/transfers/verein/11/saison_id/2019,198122,e5900796d4808b24825934be07907affe92582f02e84878ff25091f0616fddba,35,2026-09-12T18:30:26Z
data/raw/transfermarkt_pages/11_2020_transfers.html,11,Arsenal FC,2020,https://www.transfermarkt.com/-/transfers/verein/11/saison_id/2020,193774,ae558bd2d58c51d9ced2a149da909155d9f31bd492a1358b9e551231472c2cd0,32,2026-09-12T18:30:31Z
data/raw/transfermarkt_pages/11_2021_transfers.html,11,Arsenal FC,2021,https://www.transfermarkt.com/-/transfers/verein/11/saison_id/2021,194906,a1a50194c513d496ceb11c06dc89926421c3308e621950763e10c6687ecd507d,33,2026-09-12T18:30:37Z
data/raw/transfermarkt_pages/11_2022_transfers.html,11,Arsenal FC,2022,https://www.transfermarkt.com/-/transfers/verein/11/saison_id/2022,214122,0391665ac2ba399dda6b8808125437b600913b4466ca3a1ebb684a872acce3c8,43,2026-09-12T18:30:44Z
data/raw/transfermarkt_pages/11_2023_transfers.html,11,Arsenal FC,2023,https://www.transfermarkt.com/-/transfers/verein/11/saison_id/2023,191861,e415516b2cb7668850be034004f8faf3d20a0eba2e0270b686917e6d94752ddb,31,2026-09-12T18:30:51Z
data/raw/transfermarkt_pages/405_2017_transfers.html,405,Aston Villa,2017,https://www.transfermarkt.com/-/transfers/verein/405/saison_id/2017,201143,e911321fbd7b9c7b575f8f1f88f9c52fc22dc8f0102f21eff053546fcf68dd73,36,2026-09-12T18:30:57Z
data/raw/transfermarkt_pages/405_2018_transfers.html,405,Aston Villa,2018,https://www.transfermarkt.com/-/transfers/verein/405/saison_id/2018,228009,a2f8c66b49c83e9bb83fb5806480c7a6fe771ffafd11e52fa9649b16738ba29e,51,2026-09-12T18:31:02Z
data/raw/transfermarkt_pages/405_2019_transfers.html,405,Aston Villa,2019,https://www.transfermarkt.com/-/transfers/verein/405/saison_id/2019,213497,b4dea386de16acf6011839da973e1b584da7ccbbd07cea9e312ebb7bed85f33b,44,2026-09-12T18:31:10Z
data/raw/transfermarkt_pages/405_2020_transfers.html,405,Aston Villa,2020,https://www.transfermarkt.com/-/transfers/verein/405/saison_id/2020,182451,6f31f8a468fa71e69e7ae7cae340aa7a648ba08a71564745513068298e5e8f0d,27,2026-09-12T18:31:16Z
data/raw/transfermarkt_pages/405_2021_transfers.html,405,Aston Villa,2021,https://www.transfermarkt.com/-/transfers/verein/405/saison_id/2021,208822,d4b07a8752beb83de4b046703ffa50c9ee863986f315fdb89ed790fff741a944,40,2026-09-12T18:31:21Z
data/raw/transfermarkt_pages/405_2022_transfers.html,405,Aston Villa,2022,https://www.transfermarkt.com/-/transfers/verein/405/saison_id/2022,217996,e811ac2fbee5af89a3f12457c98cccf83eae492006dc5ac9c79da20798be1b1d,45,2026-09-12T18:31:28Z
data/raw/transfermarkt_pages/405_2023_transfers.html,405,Aston Villa,2023,https://www.transfermarkt.com/-/transfers/verein/405/saison_id/2023,186491,a6a23666ffc283944dac531d3f42d6b2ecadad6401f140232c3d891ebb3523ee,28,2026-09-12T18:31:33Z
data/raw/transfermarkt_pages/1148_2017_transfers.html,1148,Brentford FC,2017,https://www.transfermarkt.com/-/transfers/verein/1148/saison_id/2017,180138,bb7a8d15ecb49f9601f993f0fc9667f99bbcc4476c978bd453121375020649ac,27,2026-09-12T18:31:40Z
data/raw/transfermarkt_pages/1148_2018_transfers.html,1148,Brentford FC,2018,https://www.transfermarkt.com/-/transfers/verein/1148/saison_id/2018,189944,7537ee21da24ed3bde51fcd572792a2d731b25a552f223f1e9a6886d449dbdab,32,2026-09-12T18:31:47Z
data/raw/transfermarkt_pages/1148_2019_transfers.html,1148,Brentford FC,2019,https://www.transfermarkt.com/-/transfers/verein/1148/saison_id/2019,202551,fc649676669bc509adaaf40b0313c7f297280e8c71476b84766c95a185eebd5a,39,2026-09-12T18:31:54Z
data/raw/transfermarkt_pages/1148_2020_transfers.html,1148,Brentford FC,2020,https://www.transfermarkt.com/-/transfers/verein/1148/saison_id/2020,190941,3eacdfebe0f8b446a46bf966faa176f7c3acd2942094fe00e87b775cf9b09d2d,32,2026-09-12T18:32:02Z
data/raw/transfermarkt_pages/1148_2021_transfers.html,1148,Brentford FC,2021,https://www.transfermarkt.com/-/transfers/verein/1148/saison_id/2021,193043,d5125e8cde606da19d361210fa0f69086bbc026a0a371f6116242addd73004cc,34,2026-09-12T18:32:08Z
data/raw/transfermarkt_pages/1148_2022_transfers.html,1148,Brentford FC,2022,https://www.transfermarkt.com/-/transfers/verein/1148/saison_id/2022,213320,d15997eaf594412c7c457b697daf98e12232fe9ed8df54a540082240806b8dd7,44,2026-09-12T18:32:14Z
data/raw/transfermarkt_pages/1148_2023_transfers.html,1148,Brentford FC,2023,https://www.transfermarkt.com/-/transfers/verein/1148/saison_id/2023,194366,9b9b9f9b60fea5e1c991a35364e60da506e58e396e1b5a85b863270e841bf184,35,2026-09-12T18:32:21Z
data/raw/transfermarkt_pages/1237_2017_transfers.html,1237,Brighton & Hove Albion,2017,https://www.transfermarkt.com/-/transfers/verein/1237/saison_id/2017,213027,67023fc96dd8a99cf4257f29f11a6e450d0afa7dcb50f0065b0f843eac033eb6,45,2026-09-12T18:32:28Z
data/raw/transfermarkt_pages/1237_2018_transfers.html,1237,Brighton & Hove Albion,2018,https://www.transfermarkt.com/-/transfers/verein/1237/saison_id/2018,234048,8b80a3a62adcda72b8918271eac1d7474cf5d4878fe3bed0eb451721161287e0,57,2026-09-12T18:32:35Z
data/raw/transfermarkt_pages/1237_2019_transfers.html,1237,Brighton & Hove Albion,2019,https://www.transfermarkt.com/-/transfers/verein/1237/saison_id/2019,232971,6bdea2d12bfd96db6eea109b27aaf784046f4b17281b2d9ae36df11c664835b6,55,2026-09-12T18:32:41Z
data/raw/transfermarkt_pages/1237_2020_transfers.html,1237,Brighton & Hove Albion,2020,https://www.transfermarkt.com/-/transfers/verein/1237/saison_id/2020,221743,7da30bb0aa71d86dbaaf61b1e43c92b06b7fabc612add60776bc5b7dd14e5b4e,50,2026-09-12T18:32:47Z
data/raw/transfermarkt_pages/1237_2021_transfers.html,1237,Brighton & Hove Albion,2021,https://www.transfermarkt.com/-/transfers/verein/1237/saison_id/2021,230602,1e693d856c16afe6178e3013d42b8f2c64bb6e0afe4ab5e0ab73da48b16e3e5e,55,2026-09-12T18:32:54Z
data/raw/transfermarkt_pages/1237_2022_transfers.html,1237,Brighton & Hove Albion,2022,https://www.transfermarkt.com/-/transfers/verein/1237/saison_id/2022,210856,17b35293841bcc6cc9a95c94e1b2fdbc9ac2f3c8e153a0e513519694c7da2c33,44,2026-09-12T18:20:34Z
data/raw/transfermarkt_pages/1237_2023_transfers.html,1237,Brighton & Hove Albion,2023,https://www.transfermarkt.com/-/transfers/verein/1237/saison_id/2023,224002,1885627be36d065b03a25ff77f08953825c3f7c5c0bcb4d8ae3d0ec1462d18b2,50,2026-09-12T18:33:00Z
data/raw/transfermarkt_pages/1132_2017_transfers.html,1132,Burnley FC,2017,https://www.transfermarkt.com/-/transfers/verein/1132/saison_id/2017,209821,5931566a281650e6190ef17edf3c2871efe76fc9475bc7fe7afba1c558294355,42,2026-09-12T18:33:07Z
data/raw/transfermarkt_pages/1132_2018_transfers.html,1132,Burnley FC,2018,https://www.transfermarkt.com/-/transfers/verein/1132/saison_id/2018,175838,db9bc2a88337d17fae995a30fcd3b3429d19c515debe66304a368e58fdd4cf4a,23,2026-09-12T18:33:13Z
data/raw/transfermarkt_pages/1132_2019_transfers.html,1132,Burnley FC,2019,https://www.transfermarkt.com/-/transfers/verein/1132/saison_id/2019,167603,a607dba0dd11f751229a681d512a2bc7876e323506145c03c38c2ab807235e18,19,2026-09-12T18:33:19Z
data/raw/transfermarkt_pages/1132_2020_transfers.html,1132,Burnley FC,2020,https://www.transfermarkt.com/-/transfers/verein/1132/saison_id/2020,154813,c7e359d09ada72209cbcba9060fdd3f52ddc0ece71e890ed7334a407dc913e25,12,2026-09-12T18:33:26Z
data/raw/transfermarkt_pages/1132_2021_transfers.html,1132,Burnley FC,2021,https://www.transfermarkt.com/-/transfers/verein/1132/saison_id/2021,158268,a01f5b9d221899ba45481d02ce2e93de7914360d5b2d69472e3eb38bd8e83cc9,14,2026-09-12T18:33:32Z
data/raw/transfermarkt_pages/1132_2022_transfers.html,1132,Burnley FC,2022,https://www.transfermarkt.com/-/transfers/verein/1132/saison_id/2022,239702,4834db5d6222a24481ceef35825c0b4463f055d7843f4acc3b6e30bac9b02fc4,58,2026-09-12T18:33:37Z
data/raw/transfermarkt_pages/1132_2023_transfers.html,1132,Burnley FC,2023,https://www.transfermarkt.com/-/transfers/verein/1132/saison_id/2023,230911,a6c65f1e35464bc6fc457aabbe44519d82565b73b3820d728dc20dda54a45363,53,2026-09-12T18:33:43Z
data/raw/transfermarkt_pages/603_2017_transfers.html,603,Cardiff City,2017,https://www.transfermarkt.com/-/transfers/verein/603/saison_id/2017,240958,09f14e093e9abec835c5fbc15ad123365115b17cd96ea832a071ba0ac4d1e29c,60,2026-09-12T18:33:51Z
data/raw/transfermarkt_pages/603_2018_transfers.html,603,Cardiff City,2018,https://www.transfermarkt.com/-/transfers/verein/603/saison_id/2018,195357,49c55bd3fee7fdfabd457a653fc2ecaa113b601ccc4da4cf0e7fb2eb7930d13d,36,2026-09-12T18:33:57Z
data/raw/transfermarkt_pages/603_2019_transfers.html,603,Cardiff City,2019,https://www.transfermarkt.com/-/transfers/verein/603/saison_id/2019,202534,3fb01c2d3e991df173c5d88257f461cd69da055ad0f9f3f9a3b2ac2352329c64,40,2026-09-12T18:34:04Z
data/raw/transfermarkt_pages/603_2020_transfers.html,603,Cardiff City,2020,https://www.transfermarkt.com/-/transfers/verein/603/saison_id/2020,202964,77481e83205b5994c7c4a16bbb44a42de31d91e8ddd49e9f3993304c7c44b9ce,40,2026-09-12T18:34:10Z
data/raw/transfermarkt_pages/603_2021_transfers.html,603,Cardiff City,2021,https://www.transfermarkt.com/-/transfers/verein/603/saison_id/2021,208087,fb7bfb13ea87b31cfa379eaf3c85b0923e198ed4b258aed53f373a663312e589,43,2026-09-12T18:34:17Z
data/raw/transfermarkt_pages/603_2022_transfers.html,603,Cardiff City,2022,https://www.transfermarkt.com/-/transfers/verein/603/saison_id/2022,211809,25898955f5c08be368ade7ca2ddc7e8127257985fae38dae05481e67f0c7ec1e,45,2026-09-12T18:34:24Z
data/raw/transfermarkt_pages/603_2023_transfers.html,603,Cardiff City,2023,https://www.transfermarkt.com/-/transfers/verein/603/saison_id/2023,222672,6d5eb6222c985747e7a288c1e88c6d03c67381c42bfe0fed740a364289c8bf6b,51,2026-09-12T18:34:30Z
data/raw/transfermarkt_pages/631_2017_transfers.html,631,Chelsea FC,2017,https://www.transfermarkt.com/-/transfers/verein/631/saison_id/2017,265989,58e1ef2c042784e07dc2a7b57c763dd30fd92720d2ff4a885e31f9aea4080d02,71,2026-09-12T18:34:35Z
data/raw/transfermarkt_pages/631_2018_transfers.html,631,Chelsea FC,2018,https://www.transfermarkt.com/-/transfers/verein/631/saison_id/2018,247306,010c89d6de1779073cc5ebef48a16ce7a719b3659bf9cff287c89382021b2ddc,61,2026-09-12T18:34:42Z
data/raw/transfermarkt_pages/631_2019_transfers.html,631,Chelsea FC,2019,https://www.transfermarkt.com/-/transfers/verein/631/saison_id/2019,226893,047f76933fc046d9bc127a1171283539c720eae3e11cbf4a1a9023b6ecf4b827,51,2026-09-12T18:34:49Z
data/raw/transfermarkt_pages/631_2020_transfers.html,631,Chelsea FC,2020,https://www.transfermarkt.com/-/transfers/verein/631/saison_id/2020,239282,76c890021726a8aeff65157c2e780f5a870c795b6aeeca67e4006cadbb6ce9d8,57,2026-09-12T18:34:56Z
data/raw/transfermarkt_pages/631_2021_transfers.html,631,Chelsea FC,2021,https://www.transfermarkt.com/-/transfers/verein/631/saison_id/2021,214656,7218d5b6dcdb372a2daf1ebf64c6ee93d45898299b6658d7d02a0fa87f963b4d,44,2026-09-12T18:35:02Z
data/raw/transfermarkt_pages/631_2022_transfers.html,631,Chelsea FC,2022,https://www.transfermarkt.com/-/transfers/verein/631/saison_id/2022,230624,ef38ea73d804774847133d16aac0463939d92fca5db4b03dab50089979372c83,53,2026-09-12T18:35:09Z
data/raw/transfermarkt_pages/631_2023_transfers.html,631,Chelsea FC,2023,https://www.transfermarkt.com/-/transfers/verein/631/saison_id/2023,246431,1953ff2d627fb3398ca32cc3c50c44ed07c1e14a18cc306f975cfde0ffb3352d,61,2026-09-12T18:35:15Z
data/raw/transfermarkt_pages/873_2017_transfers.html,873,Crystal Palace,2017,https://www.transfermarkt.com/-/transfers/verein/873/saison_id/2017,192372,cac8433fd026062f6cef1f38ab2f4f0fb6bcca57dd3b343a218cf5aaded9427f,33,2026-09-12T18:35:21Z
data/raw/transfermarkt_pages/873_2018_transfers.html,873,Crystal Palace,2018,https://www.transfermarkt.com/-/transfers/verein/873/saison_id/2018,180537,77f55001ce8f1cebb8a9a5467c3b130bd0910b0edafbba8e72d15c3e4f57e534,27,2026-09-12T18:35:28Z
data/raw/transfermarkt_pages/873_2019_transfers.html,873,Crystal Palace,2019,https://www.transfermarkt.com/-/transfers/verein/873/saison_id/2019,182721,fc6de3a751104952b0014e05b6718077045fd027732c8e9173f42d11ee2f885b,28,2026-09-12T18:35:33Z
data/raw/transfermarkt_pages/873_2020_transfers.html,873,Crystal Palace,2020,https://www.transfermarkt.com/-/transfers/verein/873/saison_id/2020,167815,f41c12c78e56c5998d7b8294b8d91dffbd6859e8ff7bbe1edb15a50810f66741,20,2026-09-12T18:35:39Z
data/raw/transfermarkt_pages/873_2021_transfers.html,873,Crystal Palace,2021,https://www.transfermarkt.com/-/transfers/verein/873/saison_id/2021,181683,e3fee21fcaad4c7284b6fa6b9257cf4123f908c59ad1fd75dfa7777e182b89d1,28,2026-09-12T18:35:46Z
data/raw/transfermarkt_pages/873_2022_transfers.html,873,Crystal Palace,2022,https://www.transfermarkt.com/-/transfers/verein/873/saison_id/2022,183183,11630aa88fc13d3947118acf8171c46add4f75878e3f004854f0f333aa33a95a,28,2026-09-12T18:35:52Z
data/raw/transfermarkt_pages/873_2023_transfers.html,873,Crystal Palace,2023,https://www.transfermarkt.com/-/transfers/verein/873/saison_id/2023,162589,299a4260c8a7e9a03b08da435c016bbe0eca0572eefe5aeb640a3518d96ccfd2,18,2026-09-12T18:35:59Z
data/raw/transfermarkt_pages/29_2017_transfers.html,29,Everton FC,2017,https://www.transfermarkt.com/-/transfers/verein/29/saison_id/2017,216003,334669dc68c3a1bc72e38b6b4e682f89b94648466ed328e72b81dd5755f38175,44,2026-09-12T18:36:05Z
data/raw/transfermarkt_pages/29_2018_transfers.html,29,Everton FC,2018,https://www.transfermarkt.com/-/transfers/verein/29/saison_id/2018,211883,eedb555960e7e96e6815a27996e0c150e377b4f8440ee35ea27693ceadecb101,42,2026-09-12T18:36:12Z
data/raw/transfermarkt_pages/29_2019_transfers.html,29,Everton FC,2019,https://www.transfermarkt.com/-/transfers/verein/29/saison_id/2019,215816,60abdcd4b0619cb35a0084ebced141225cfc9fc2d77c4732ed6fe89fa6f18868,44,2026-09-12T18:36:18Z
data/raw/transfermarkt_pages/29_2020_transfers.html,29,Everton FC,2020,https://www.transfermarkt.com/-/transfers/verein/29/saison_id/2020,206684,e74c76fd6d4f08f58fa7918b91400842a71b3f8eb8dbd7df9b8650eb668c37dd,40,2026-09-12T18:36:24Z
data/raw/transfermarkt_pages/29_2021_transfers.html,29,Everton FC,2021,https://www.transfermarkt.com/-/transfers/verein/29/saison_id/2021,185249,79182bc6b52394432c6c61f3acde8ec265c72cd009ef0ee3dddfc76f2f876d5f,28,2026-09-12T18:36:30Z
data/raw/transfermarkt_pages/29_2022_transfers.html,29,Everton FC,2022,https://www.transfermarkt.com/-/transfers/verein/29/saison_id/2022,207526,b9942a9e3148572614e41276e90a2ab7c425455380842d9b3047bf7c78412d75,40,2026-09-12T18:36:37Z
data/raw/transfermarkt_pages/29_2023_transfers.html,29,Everton FC,2023,https://www.transfermarkt.com/-/transfers/verein/29/saison_id/2023,192884,df10e814ee35ed524d6e87a9612fcd4b2ddc15406698c193dc649aafbde4f746,32,2026-09-12T18:36:44Z
data/raw/transfermarkt_pages/931_2017_transfers.html,931,Fulham FC,2017,https://www.transfermarkt.com/-/transfers/verein/931/saison_id/2017,215602,00963c38fbc499a5af49ab95ae010ef022e07a9852cb255c1f222442bb2ee76f,46,2026-09-12T18:36:49Z
data/raw/transfermarkt_pages/931_2018_transfers.html,931,Fulham FC,2018,https://www.transfermarkt.com/-/transfers/verein/931/saison_id/2018,183758,a7581ad26deada8b5a23dbb8fec44230cdf2c5583bf77283044154f8db0aa388,29,2026-09-12T18:36:55Z
data/raw/transfermarkt_pages/931_2019_transfers.html,931,Fulham FC,2019,https://www.transfermarkt.com/-/transfers/verein/931/saison_id/2019,190663,8c9df00b080d5d5ab23b909367a5dc739c8da9df274866a14360f3e46b0cdf52,32,2026-09-12T18:37:01Z
data/raw/transfermarkt_pages/931_2020_transfers.html,931,Fulham FC,2020,https://www.transfermarkt.com/-/transfers/verein/931/saison_id/2020,210821,3da3ced5f3c6cf684c3145246aea80fdafa3f3ed79ca99b12151a60e668c9a70,42,2026-09-12T18:37:08Z
data/raw/transfermarkt_pages/931_2021_transfers.html,931,Fulham FC,2021,https://www.transfermarkt.com/-/transfers/verein/931/saison_id/2021,185083,40d7c63268fdef058becabc9f8e27e7a9b2825b685dc3c89abc2599bc016a117,29,2026-09-12T18:37:14Z
data/raw/transfermarkt_pages/931_2022_transfers.html,931,Fulham FC,2022,https://www.transfermarkt.com/-/transfers/verein/931/saison_id/2022,207430,8b5731eaca3c3f13df1f82a20a2baffbdb1e209f2244da4eb72652a1c8807a75,41,2026-09-12T18:37:21Z
data/raw/transfermarkt_pages/931_2023_transfers.html,931,Fulham FC,2023,https://www.transfermarkt.com/-/transfers/verein/931/saison_id/2023,188594,05a4ed58f6d3199d6c7b501fb044547f7f83a729ed378dc48f35b3d5de22c86b,31,2026-09-12T18:37:29Z
data/raw/transfermarkt_pages/1110_2017_transfers.html,1110,Huddersfield Town,2017,https://www.transfermarkt.com/-/transfers/verein/1110/saison_id/2017,201067,c2509a5aaf7784583f5ab7bae0e2938fcdd0608cda0bd8ffdbb234144796a3b5,38,2026-09-12T18:37:35Z
data/raw/transfermarkt_pages/1110_2018_transfers.html,1110,Huddersfield Town,2018,https://www.transfermarkt.com/-/transfers/verein/1110/saison_id/2018,186221,1c545d2cd02f634fc78d297a2efcb07c839caae6cefff53481fe14f7762aa6f1,30,2026-09-12T18:37:41Z
data/raw/transfermarkt_pages/1110_2019_transfers.html,1110,Huddersfield Town,2019,https://www.transfermarkt.com/-/transfers/verein/1110/saison_id/2019,235593,ac9f7b4153683ccd4a4f962e3539f372743c1148c91f959c977447e801a3e5f5,56,2026-09-12T18:37:48Z
data/raw/transfermarkt_pages/1110_2020_transfers.html,1110,Huddersfield Town,2020,https://www.transfermarkt.com/-/transfers/verein/1110/saison_id/2020,218310,040fafd5d7d6cb0ff1b6b212449e007a521951e3e16e3ce1253c1d7dae96f124,47,2026-09-12T18:37:55Z
data/raw/transfermarkt_pages/1110_2021_transfers.html,1110,Huddersfield Town,2021,https://www.transfermarkt.com/-/transfers/verein/1110/saison_id/2021,221521,f877b0c20f680085bac58230e3232c87b9b79cdadf12484918eacf2477b5b043,49,2026-09-12T18:38:02Z
data/raw/transfermarkt_pages/1110_2022_transfers.html,1110,Huddersfield Town,2022,https://www.transfermarkt.com/-/transfers/verein/1110/saison_id/2022,252875,ea367026f13fdcd585c125656dcf77e4432780e74dda5f747c5feab11f684634,65,2026-09-12T18:38:08Z
data/raw/transfermarkt_pages/1110_2023_transfers.html,1110,Huddersfield Town,2023,https://www.transfermarkt.com/-/transfers/verein/1110/saison_id/2023,218419,36356ece9a48dc62278eb93648f811633086b958d611dd1488834e8294c67699,47,2026-09-12T18:38:14Z
data/raw/transfermarkt_pages/399_2017_transfers.html,399,Leeds United,2017,https://www.transfermarkt.com/-/transfers/verein/399/saison_id/2017,233573,11e761b959f77a8eae2783e186207fa18281728a4281352779630704bda9f3c9,57,2026-09-12T18:38:20Z
data/raw/transfermarkt_pages/399_2018_transfers.html,399,Leeds United,2018,https://www.transfermarkt.com/-/transfers/verein/399/saison_id/2018,228781,c879615ba7e6433d88b8708e2005d7daebb503f2b218c02391f4937c1cf8a68c,54,2026-09-12T18:38:27Z
data/raw/transfermarkt_pages/399_2019_transfers.html,399,Leeds United,2019,https://www.transfermarkt.com/-/transfers/verein/399/saison_id/2019,223695,c6e65f7b1c5132ff5fd8772b4e8528f79d8864ecabc1b5aff7cd24c5685507a6,51,2026-09-12T18:38:33Z
data/raw/transfermarkt_pages/399_2020_transfers.html,399,Leeds United,2020,https://www.transfermarkt.com/-/transfers/verein/399/saison_id/2020,187216,09967ebcd6bb94f334215b7ba1c70a04e8bd95b10056d67d588233f5bda59b88,32,2026-09-12T18:38:38Z
data/raw/transfermarkt_pages/399_2021_transfers.html,399,Leeds United,2021,https://www.transfermarkt.com/-/transfers/verein/399/saison_id/2021,180178,6b4fd7007ec8b54690f80369d60a2f7b72c7d0a12d4923094a48c242525b85be,28,2026-09-12T18:38:45Z
data/raw/transfermarkt_pages/399_2022_transfers.html,399,Leeds United,2022,https://www.transfermarkt.com/-/transfers/verein/399/saison_id/2022,208749,fb070da017b9d5ef9a2d8d2f8e6027207eca79a449b37c6d3876240fd9d36d45,43,2026-09-12T18:38:51Z
data/raw/transfermarkt_pages/399_2023_transfers.html,399,Leeds United,2023,https://www.transfermarkt.com/-/transfers/verein/399/saison_id/2023,207050,4502cdffc02db79891063f34d4b61a64a2f945c9312f126d3b281668176efde0,42,2026-09-12T18:38:57Z
data/raw/transfermarkt_pages/1003_2017_transfers.html,1003,Leicester City,2017,https://www.transfermarkt.com/-/transfers/verein/1003/saison_id/2017,182696,91820965bccb3921f11973420b1d02775e943bbd4bb8d1aa53f809338bfcbe04,27,2026-09-12T18:39:04Z
data/raw/transfermarkt_pages/1003_2018_transfers.html,1003,Leicester City,2018,https://www.transfermarkt.com/-/transfers/verein/1003/saison_id/2018,197415,96f0d34586041563ffd5ba47f41618bbbf7e3edbe296092c5aabe673d2c82c67,35,2026-09-12T18:39:10Z
data/raw/transfermarkt_pages/1003_2019_transfers.html,1003,Leicester City,2019,https://www.transfermarkt.com/-/transfers/verein/1003/saison_id/2019,180446,ba96bd569eca62571f5be5516e75633df8345a98c123ce829b911cd4ad009bf3,26,2026-09-12T18:39:16Z
data/raw/transfermarkt_pages/1003_2020_transfers.html,1003,Leicester City,2020,https://www.transfermarkt.com/-/transfers/verein/1003/saison_id/2020,201818,0cb52ebaf5fb5de44b51685711ae3c371f973f9cd7cec2e9e9bc9391a39bd45b,37,2026-09-12T18:39:22Z
data/raw/transfermarkt_pages/1003_2021_transfers.html,1003,Leicester City,2021,https://www.transfermarkt.com/-/transfers/verein/1003/saison_id/2021,174132,08f4d4735f7a533c7242efb714256f3a01d57034e2cf39f3d96c435346681aa6,22,2026-09-12T18:39:29Z
data/raw/transfermarkt_pages/1003_2022_transfers.html,1003,Leicester City,2022,https://www.transfermarkt.com/-/transfers/verein/1003/saison_id/2022,171324,6ad8acfb845dfec0c601fe04784ce2d158e7065fb36db687205687a0fc182334,21,2026-09-12T18:39:35Z
data/raw/transfermarkt_pages/1003_2023_transfers.html,1003,Leicester City,2023,https://www.transfermarkt.com/-/transfers/verein/1003/saison_id/2023,198079,0df9a95be755b8c816a6cf78677530195cfacf3d50c36d5aed9f553413faad27,36,2026-09-12T18:39:42Z
data/raw/transfermarkt_pages/31_2017_transfers.html,31,Liverpool FC,2017,https://www.transfermarkt.com/-/transfers/verein/31/saison_id/2017,185769,edf55d383940e5f4dce0fb61ba690e0383eddd72aec77ee7e2f2bccafbe7837e,28,2026-09-12T18:39:49Z
data/raw/transfermarkt_pages/31_2018_transfers.html,31,Liverpool FC,2018,https://www.transfermarkt.com/-/transfers/verein/31/saison_id/2018,205394,67dec623918bc1bf2dbaaf5cd9e3fbf96203b5736d5a567e642318ed4a329c60,39,2026-09-12T18:39:56Z
data/raw/transfermarkt_pages/31_2019_transfers.html,31,Liverpool FC,2019,https://www.transfermarkt.com/-/transfers/verein/31/saison_id/2019,190772,63f22169a6386063e44a8df77fef9c8bece311536fdb4759ad109602147a02cf,31,2026-09-12T18:40:02Z
data/raw/transfermarkt_pages/31_2020_transfers.html,31,Liverpool FC,2020,https://www.transfermarkt.com/-/transfers/verein/31/saison_id/2020,189346,3c377032eea5b48a35572e1c4e901a53510dadba07347130f54cb9e2d416e399,30,2026-09-12T18:40:08Z
data/raw/transfermarkt_pages/31_2021_transfers.html,31,Liverpool FC,2021,https://www.transfermarkt.com/-/transfers/verein/31/saison_id/2021,181693,23c41e5d8f5434300b51666f15bc874589d1f371777b8ba83365d0dcd5f2f712,26,2026-09-12T18:40:14Z
data/raw/transfermarkt_pages/31_2022_transfers.html,31,Liverpool FC,2022,https://www.transfermarkt.com/-/transfers/verein/31/saison_id/2022,175397,8270b795bfe8fa359416f050a6624f1dc7d1797df3e6d2e466a09f6b933d6378,23,2026-09-12T18:40:20Z
data/raw/transfermarkt_pages/31_2023_transfers.html,31,Liverpool FC,2023,https://www.transfermarkt.com/-/transfers/verein/31/saison_id/2023,184734,c3746908f20ee4780a6ffe6098f8a20cf7d675130ca5a057778a4216763bca80,28,2026-09-12T18:40:25Z
data/raw/transfermarkt_pages/1031_2017_transfers.html,1031,Luton Town,2017,https://www.transfermarkt.com/-/transfers/verein/1031/saison_id/2017,209139,ec680c9a267b6b799a20a3be9fdb3f86054f2550f19f79b4ec76664d2ba97c6a,42,2026-09-12T18:40:32Z
data/raw/transfermarkt_pages/1031_2018_transfers.html,1031,Luton Town,2018,https://www.transfermarkt.com/-/transfers/verein/1031/saison_id/2018,215089,f28f8c6012da0912834b2ba83ebacd2438a0de89852c7b36177b9a1a11f5526b,44,2026-09-12T18:40:39Z
data/raw/transfermarkt_pages/1031_2019_transfers.html,1031,Luton Town,2019,https://www.transfermarkt.com/-/transfers/verein/1031/saison_id/2019,199175,4a9daa071456e173a62f4256bb3ff81ab0a884421fa729bd7596118b46f74441,36,2026-09-12T18:40:45Z
data/raw/transfermarkt_pages/1031_2020_transfers.html,1031,Luton Town,2020,https://www.transfermarkt.com/-/transfers/verein/1031/saison_id/2020,218172,849d71170d1b098ea8f8644abeadcae7411900e0d8d18316ec17656f52d7d33b,46,2026-09-12T18:40:52Z
data/raw/transfermarkt_pages/1031_2021_transfers.html,1031,Luton Town,2021,https://www.transfermarkt.com/-/transfers/verein/1031/saison_id/2021,195355,e162725bdab32d6630e998f6aa7e5c891f8f0cce0a46ded679a7bb5f4a85e94a,34,2026-09-12T18:40:57Z
data/raw/transfermarkt_pages/1031_2022_transfers.html,1031,Luton Town,2022,https://www.transfermarkt.com/-/transfers/verein/1031/saison_id/2022,210178,bfdde47122af6a5413c3995cc2c27fba5ca0380f6f20c4fbdc5e9fec08c40f6a,42,2026-09-12T18:41:05Z
data/raw/transfermarkt_pages/1031_2023_transfers.html,1031,Luton Town,2023,https://www.transfermarkt.com/-/transfers/verein/1031/saison_id/2023,232560,868fabe678e0942f748ab47c409689335e4047b344a29afb64bd5a8694c9f522,54,2026-09-12T18:41:12Z
data/raw/transfermarkt_pages/281_2017_transfers.html,281,Manchester City,2017,https://www.transfermarkt.com/-/transfers/verein/281/saison_id/2017,250348,d53bed907d814715bf8bc87ac11662c32b0eaa918649a04f9c196dcc0b1d39fb,63,2026-09-12T18:41:18Z
data/raw/transfermarkt_pages/281_2018_transfers.html,281,Manchester City,2018,https://www.transfermarkt.com/-/transfers/verein/281/saison_id/2018,211124,cef3f1845ec2e02f4c21c8554b9ef7f1b9358747b4331087405522a85f26ee34,41,2026-09-12T18:41:25Z
data/raw/transfermarkt_pages/281_2019_transfers.html,281,Manchester City,2019,https://www.transfermarkt.com/-/transfers/verein/281/saison_id/2019,228588,87409b59fc0b2c396a235f548ec4975c281778cfaf638cbccfe2f236529f9ad0,51,2026-09-12T18:41:31Z
data/raw/transfermarkt_pages/281_2020_transfers.html,281,Manchester City,2020,https://www.transfermarkt.com/-/transfers/verein/281/saison_id/2020,233675,9ab0d971050be29c9a6bff0fe35964ffd368a3a480b194bd78ead2cb8c57298a,54,2026-09-12T18:41:37Z
data/raw/transfermarkt_pages/281_2021_transfers.html,281,Manchester City,2021,https://www.transfermarkt.com/-/transfers/verein/281/saison_id/2021,219444,8281aa17d02b1bcd2bdd46a568baab6ad11e9420449b24d002655b03f4e3f3d1,46,2026-09-12T18:41:43Z
data/raw/transfermarkt_pages/281_2022_transfers.html,281,Manchester City,2022,https://www.transfermarkt.com/-/transfers/verein/281/saison_id/2022,232911,414f4695e2d90511358af66aa63225d54d25e85236443dedf2f18b7ed4d6be16,53,2026-09-12T18:41:49Z
data/raw/transfermarkt_pages/281_2023_transfers.html,281,Manchester City,2023,https://www.transfermarkt.com/-/transfers/verein/281/saison_id/2023,209995,5f830cc89b5f760d23b3217b5ee9644f9a1a56dc88594711b3ff0efcb47e365d,40,2026-09-12T18:41:56Z
data/raw/transfermarkt_pages/985_2017_transfers.html,985,Manchester United,2017,https://www.transfermarkt.com/-/transfers/verein/985/saison_id/2017,177166,4a4c6df9e3a62d7d5b1546a3bfa43b3fb0a854a8c7c83cf0bb15b594ffee9698,22,2026-09-12T18:42:03Z
data/raw/transfermarkt_pages/985_2018_transfers.html,985,Manchester United,2018,https://www.transfermarkt.com/-/transfers/verein/985/saison_id/2018,172099,2a11db7440b0d9cd3dec6fc8823309aa0ffac1c72914acaf161aefbe99e41e5b,20,2026-09-12T18:42:09Z
data/raw/transfermarkt_pages/985_2019_transfers.html,985,Manchester United,2019,https://www.transfermarkt.com/-/transfers/verein/985/saison_id/2019,182208,e7da2782f5876097703a05548e6366add9e8fb22008702e51a124c7dcace8597,25,2026-09-12T18:42:16Z
data/raw/transfermarkt_pages/985_2020_transfers.html,985,Manchester United,2020,https://www.transfermarkt.com/-/transfers/verein/985/saison_id/2020,200100,f85f6937f574027b35166cb466ffa7fb0b9a426b16ab34f836a082b2efee9fe6,34,2026-09-12T18:42:23Z
data/raw/transfermarkt_pages/985_2021_transfers.html,985,Manchester United,2021,https://www.transfermarkt.com/-/transfers/verein/985/saison_id/2021,191851,c76937557e2aa22c59c2a65c308e0229a8f335b88d235ac51efd55ec4f71a19b,30,2026-09-12T18:42:30Z
data/raw/transfermarkt_pages/985_2022_transfers.html,985,Manchester United,2022,https://www.transfermarkt.com/-/transfers/verein/985/saison_id/2022,213642,c4aba1e16779381d62525364443777ca1ed07d0549ab5f8b7222317ed563c15a,42,2026-09-12T18:42:35Z
data/raw/transfermarkt_pages/985_2023_transfers.html,985,Manchester United,2023,https://www.transfermarkt.com/-/transfers/verein/985/saison_id/2023,204710,c8c0baf9eef166b538aad1f63760a030e8eb2570833820fd0a13a7f2bd995842,38,2026-09-12T18:42:41Z
data/raw/transfermarkt_pages/762_2017_transfers.html,762,Newcastle United,2017,https://www.transfermarkt.com/-/transfers/verein/762/saison_id/2017,237359,34805d13cdfb782c4859798cbbbacb7e8d2f08a73e0c8140fe7bb2c9bb4d89c3,56,2026-09-12T18:42:48Z
data/raw/transfermarkt_pages/762_2018_transfers.html,762,Newcastle United,2018,https://www.transfermarkt.com/-/transfers/verein/762/saison_id/2018,217720,e3b31924c554f251b2d3b7819f2541e3d09df1e514643a9ac8a4db2a410ddd13,45,2026-09-12T18:42:53Z
data/raw/transfermarkt_pages/762_2019_transfers.html,762,Newcastle United,2019,https://www.transfermarkt.com/-/transfers/verein/762/saison_id/2019,178189,66b58db67401bbb591e93e880220c16278e0a4a3490643393b4ab76b58e0be53,24,2026-09-12T18:42:59Z
data/raw/transfermarkt_pages/762_2020_transfers.html,762,Newcastle United,2020,https://www.transfermarkt.com/-/transfers/verein/762/saison_id/2020,179547,b516736fabb24b41e954b1a640e518f286e190ca878c9f5f2baa23c20e5ec2d8,25,2026-09-12T18:43:06Z
data/raw/transfermarkt_pages/762_2021_transfers.html,762,Newcastle United,2021,https://www.transfermarkt.com/-/transfers/verein/762/saison_id/2021,172712,399fd33d3ff99c9909027634e37d127d317c228de54f51da0a957055cf0f0c8e,22,2026-09-12T18:43:13Z
data/raw/transfermarkt_pages/762_2022_transfers.html,762,Newcastle United,2022,https://www.transfermarkt.com/-/transfers/verein/762/saison_id/2022,181299,1cc8aadaa4e778921e931f316442776875762e2edbbc9921871c005ec539409f,26,2026-09-12T18:43:19Z
data/raw/transfermarkt_pages/762_2023_transfers.html,762,Newcastle United,2023,https://www.transfermarkt.com/-/transfers/verein/762/saison_id/2023,186824,7a9f65067c7373107779c417d6abbe62f52b9c9ca47085be9d2d6334605669e7,29,2026-09-12T18:43:26Z
data/raw/transfermarkt_pages/1123_2017_transfers.html,1123,Norwich City,2017,https://www.transfermarkt.com/-/transfers/verein/1123/saison_id/2017,245166,bbf6f2f65e4e99c539ac667a042c4def4067351b5fa2c064f5bd27f1b0cbd4da,62,2026-09-12T18:43:32Z
data/raw/transfermarkt_pages/1123_2018_transfers.html,1123,Norwich City,2018,https://www.transfermarkt.com/-/transfers/verein/1123/saison_id/2018,218860,7b47e4913da6e772424d5a32ee9c2700c52de5f3e29359012d3d6fdb64be4957,48,2026-09-12T18:43:39Z
data/raw/transfermarkt_pages/1123_2019_transfers.html,1123,Norwich City,2019,https://www.transfermarkt.com/-/transfers/verein/1123/saison_id/2019,219464,93c581ede215bcd6fc329a9333e2c0dc6615fdde8a6b0d614d9cabf1efe522df,49,2026-09-12T18:43:44Z
data/raw/transfermarkt_pages/1123_2020_transfers.html,1123,Norwich City,2020,https://www.transfermarkt.com/-/transfers/verein/1123/saison_id/2020,224232,418ac0bce47d774b06da24e08ac6a9bdf1a04aa4e28365e7c4f2e8f924df91d8,51,2026-09-12T18:43:50Z
data/raw/transfermarkt_pages/1123_2021_transfers.html,1123,Norwich City,2021,https://www.transfermarkt.com/-/transfers/verein/1123/saison_id/2021,245368,d133f26d9df92f995d30a8d6c4bca91b2c3aa3beed3fa21545ce6a4a1942ac11,62,2026-09-12T18:43:57Z
data/raw/transfermarkt_pages/1123_2022_transfers.html,1123,Norwich City,2022,https://www.transfermarkt.com/-/transfers/verein/1123/saison_id/2022,197889,68b1ae797f6cac338d494ec4ee1b2444dda216198ba092158e6d9ffaa777f6fe,37,2026-09-12T18:44:02Z
data/raw/transfermarkt_pages/1123_2023_transfers.html,1123,Norwich City,2023,https://www.transfermarkt.com/-/transfers/verein/1123/saison_id/2023,206486,8ebf452fa32baa77b3ea6a062f943a7c0c3ba468983a35d80f1997a3f43da72e,42,2026-09-12T18:44:10Z
data/raw/transfermarkt_pages/703_2017_transfers.html,703,Nottingham Forest,2017,https://www.transfermarkt.com/-/transfers/verein/703/saison_id/2017,252128,6ed578c71ea1521d0630755141b8d2fc19a6a2cfe43a7d0b8b06a95894b7244a,64,2026-09-12T18:44:15Z
data/raw/transfermarkt_pages/703_2018_transfers.html,703,Nottingham Forest,2018,https://www.transfermarkt.com/-/transfers/verein/703/saison_id/2018,270415,dc76ebc208dc10a1d4a8094aed2bb6f4c0c8f3d89f8ee42fad6e8c04878e0f24,74,2026-09-12T18:44:21Z
data/raw/transfermarkt_pages/703_2019_transfers.html,703,Nottingham Forest,2019,https://www.transfermarkt.com/-/transfers/verein/703/saison_id/2019,232480,1ea1a65d1c7ec68754406a25d876df74d8d43b3fcb40102e0ff483ac89b10853,53,2026-09-12T18:44:28Z
data/raw/transfermarkt_pages/703_2020_transfers.html,703,Nottingham Forest,2020,https://www.transfermarkt.com/-/transfers/verein/703/saison_id/2020,219966,6f4c766ea737c168369f04a169349e420a31419309d053d410df42e3efdb1006,46,2026-09-12T18:44:34Z
data/raw/transfermarkt_pages/703_2021_transfers.html,703,Nottingham Forest,2021,https://www.transfermarkt.com/-/transfers/verein/703/saison_id/2021,223145,bbe44914dced1accc53a07e92524d5d9ef5539489f7027e154b03f5549d0f207,48,2026-09-12T18:44:39Z
data/raw/transfermarkt_pages/703_2022_transfers.html,703,Nottingham Forest,2022,https://www.transfermarkt.com/-/transfers/verein/703/saison_id/2022,261160,069ff6251aa026d4847ae3c4e0ba96ad69f724e1f46be6a14fd58a0513d3aceb,68,2026-09-12T18:44:46Z
data/raw/transfermarkt_pages/703_2023_transfers.html,703,Nottingham Forest,2023,https://www.transfermarkt.com/-/transfers/verein/703/saison_id/2023,276146,de4a6a941bf5fb54d1eb59c15bb5042559b8f2fd5515e0ec8d93e5d045943e09,76,2026-09-12T18:44:53Z
data/raw/transfermarkt_pages/350_2017_transfers.html,350,Sheffield United,2017,https://www.transfermarkt.com/-/transfers/verein/350/saison_id/2017,214142,08cfd611a9a7614a980d1a1b3d9c8b552c832d42b9e0b8610d91a825388c8050,45,2026-09-12T18:45:00Z
data/raw/transfermarkt_pages/350_2018_transfers.html,350,Sheffield United,2018,https://www.transfermarkt.com/-/transfers/verein/350/saison_id/2018,239200,71dafadbe6b999793d5a147bfa3877e507365f79d8347a31e54a5205c00850ac,58,2026-09-12T18:45:05Z
data/raw/transfermarkt_pages/350_2019_transfers.html,350,Sheffield United,2019,https://www.transfermarkt.com/-/transfers/verein/350/saison_id/2019,214147,2c4724ab259b6245a56bec00eff825be1e4866c4699d5d2225716ef52cff3a64,44,2026-09-12T18:45:12Z
data/raw/transfermarkt_pages/350_2020_transfers.html,350,Sheffield United,2020,https://www.transfermarkt.com/-/transfers/verein/350/saison_id/2020,196395,db6116c2d8b3720ea83ed068688b0246114099f20c3c5c39cb2eaefc37bc7cf8,35,2026-09-12T18:45:17Z
data/raw/transfermarkt_pages/350_2021_transfers.html,350,Sheffield United,2021,https://www.transfermarkt.com/-/transfers/verein/350/saison_id/2021,195849,4938216bad2f30dd0df0c25becc2d47a2e733dbf09321988f0f8d80570f5f469,35,2026-09-12T18:45:23Z
data/raw/transfermarkt_pages/350_2022_transfers.html,350,Sheffield United,2022,https://www.transfermarkt.com/-/transfers/verein/350/saison_id/2022,190023,53b71cd789a905d6c61f34baa26866ab3fda664e8d6c1cd1fc55bab144946b0e,31,2026-09-12T18:45:28Z
data/raw/transfermarkt_pages/350_2023_transfers.html,350,Sheffield United,2023,https://www.transfermarkt.com/-/transfers/verein/350/saison_id/2023,191806,e1f9376212c30fac563fa73c73280b9c7ac892510ae3900eebea2788e89473fd,33,2026-09-12T18:45:34Z
data/raw/transfermarkt_pages/180_2017_transfers.html,180,Southampton FC,2017,https://www.transfermarkt.com/-/transfers/verein/180/saison_id/2017,179027,2f78b10d157d82505d8c5f481154b63853fe5787d671a5dff68583d3508ad953,26,2026-09-12T18:45:41Z
data/raw/transfermarkt_pages/180_2018_transfers.html,180,Southampton FC,2018,https://www.transfermarkt.com/-/transfers/verein/180/saison_id/2018,192634,f505d5117876e2f3361f018b510e5f939408fb3be594918c2de3493b22ffd386,34,2026-09-12T18:45:47Z
data/raw/transfermarkt_pages/180_2019_transfers.html,180,Southampton FC,2019,https://www.transfermarkt.com/-/transfers/verein/180/saison_id/2019,187879,f908334459650b5f1e09b6682acd84a5a582b5a506c0e7ef1612aa346866ab26,31,2026-09-12T18:45:54Z
data/raw/transfermarkt_pages/180_2020_transfers.html,180,Southampton FC,2020,https://www.transfermarkt.com/-/transfers/verein/180/saison_id/2020,207190,ca8fd1411262a16d1f1b6ea18b6bee716d3bb4d134b1c4f4f2570a02c1fb061c,41,2026-09-12T18:45:59Z
data/raw/transfermarkt_pages/180_2021_transfers.html,180,Southampton FC,2021,https://www.transfermarkt.com/-/transfers/verein/180/saison_id/2021,174454,4ebb0d67907cb0158ffb0f9c69813f9a84c1a4de16e598e8f9923d5f9826a85e,24,2026-09-12T18:46:06Z
data/raw/transfermarkt_pages/180_2022_transfers.html,180,Southampton FC,2022,https://www.transfermarkt.com/-/transfers/verein/180/saison_id/2022,196017,d13dcc2239944faa8a0e33a44758120d7ac434db6833b1d341b97c6877c024a8,35,2026-09-12T18:46:12Z
data/raw/transfermarkt_pages/180_2023_transfers.html,180,Southampton FC,2023,https://www.transfermarkt.com/-/transfers/verein/180/saison_id/2023,196707,0c3f48a8b1acb1408d5800fddc8326f87f280bf249ff599fa6e47b6adb3147dd,36,2026-09-12T18:46:18Z
data/raw/transfermarkt_pages/512_2017_transfers.html,512,Stoke City,2017,https://www.transfermarkt.com/-/transfers/verein/512/saison_id/2017,197519,cae0158af2cce1640093a124b76a240358561d44e872a33b9149fab9c6f4be7b,35,2026-09-12T18:46:25Z
data/raw/transfermarkt_pages/512_2018_transfers.html,512,Stoke City,2018,https://www.transfermarkt.com/-/transfers/verein/512/saison_id/2018,220525,1c894f94c19d0a0a94a463d1f065c0cfc5222dbc108339d404191d86e3f547d8,47,2026-09-12T18:46:31Z
data/raw/transfermarkt_pages/512_2019_transfers.html,512,Stoke City,2019,https://www.transfermarkt.com/-/transfers/verein/512/saison_id/2019,212399,01375f4a40837bce009132fbd6bc92eb7c050712c360487ff0e24ab150a29d7f,43,2026-09-12T18:46:38Z
data/raw/transfermarkt_pages/512_2020_transfers.html,512,Stoke City,2020,https://www.transfermarkt.com/-/transfers/verein/512/saison_id/2020,238975,a6cfcdf70e2a556a208a8c5f7a69a1db4892b964b6109bc2728fd213eb213597,57,2026-09-12T18:46:44Z
data/raw/transfermarkt_pages/512_2021_transfers.html,512,Stoke City,2021,https://www.transfermarkt.com/-/transfers/verein/512/saison_id/2021,243710,c2f07fb45640d0950e016506bbd3f9de9603bd11364c6d555d4945c50bb9fb8c,59,2026-09-12T18:46:51Z
data/raw/transfermarkt_pages/512_2022_transfers.html,512,Stoke City,2022,https://www.transfermarkt.com/-/transfers/verein/512/saison_id/2022,231885,ad764095a60d0441b5cdb7d9f621b90e5c80ad02fc10f77d71d787a2e7c19669,52,2026-09-12T18:46:56Z
data/raw/transfermarkt_pages/512_2023_transfers.html,512,Stoke City,2023,https://www.transfermarkt.com/-/transfers/verein/512/saison_id/2023,225390,64bd07095b51109ebc86d727069c87fd061127e2197adb4fa120b55cd109c79e,50,2026-09-12T18:47:03Z
data/raw/transfermarkt_pages/2288_2017_transfers.html,2288,Swansea City,2017,https://www.transfermarkt.com/-/transfers/verein/2288/saison_id/2017,211573,aa263d843bc6ba9bca5cbb1e86bfdcc521d70c533c048da71b140f3eb55b3c7a,45,2026-09-12T18:47:08Z
data/raw/transfermarkt_pages/2288_2018_transfers.html,2288,Swansea City,2018,https://www.transfermarkt.com/-/transfers/verein/2288/saison_id/2018,204421,c656432a46b82ea9cddc89f6a31080175fd6c6379906232e8ebab8642b8539ec,41,2026-09-12T18:47:16Z
data/raw/transfermarkt_pages/2288_2019_transfers.html,2288,Swansea City,2019,https://www.transfermarkt.com/-/transfers/verein/2288/saison_id/2019,207684,05bf7fda0d1d6c8959c39f45104a8ba636d28df3b4f007cd3950ad6f78e024d8,43,2026-09-12T18:47:22Z
data/raw/transfermarkt_pages/2288_2020_transfers.html,2288,Swansea City,2020,https://www.transfermarkt.com/-/transfers/verein/2288/saison_id/2020,237089,4f7ecaaaf5d23a4d1c7ab4ff81bd916e11502f48a9f4855baf184b7a52322b1e,58,2026-09-12T18:47:28Z
data/raw/transfermarkt_pages/2288_2021_transfers.html,2288,Swansea City,2021,https://www.transfermarkt.com/-/transfers/verein/2288/saison_id/2021,212220,1fa158d39f33e2b94e1f3447f039ffb2881597fb9a5f47d0f3c344b7468bfad9,45,2026-09-12T18:47:34Z
data/raw/transfermarkt_pages/2288_2022_transfers.html,2288,Swansea City,2022,https://www.transfermarkt.com/-/transfers/verein/2288/saison_id/2022,187967,bae8c2f136200673bc1fdace3473a901452d34ff872ea094bb46df22f43b3761,32,2026-09-12T18:47:41Z
data/raw/transfermarkt_pages/2288_2023_transfers.html,2288,Swansea City,2023,https://www.transfermarkt.com/-/transfers/verein/2288/saison_id/2023,210449,4f4c24476ec898b0a4d48073be7c8bf39f2586a3254929e7351d354dcb75af4c,44,2026-09-12T18:47:47Z
data/raw/transfermarkt_pages/148_2017_transfers.html,148,Tottenham Hotspur,2017,https://www.transfermarkt.com/-/transfers/verein/148/saison_id/2017,184342,54316282cf6d413159ee643d33628252b2acc661a78e3cb79f76f1d51cab6c44,27,2026-09-12T18:47:52Z
data/raw/transfermarkt_pages/148_2018_transfers.html,148,Tottenham Hotspur,2018,https://www.transfermarkt.com/-/transfers/verein/148/saison_id/2018,148379,979caac7e37dfcee10d53e90e04bb285c96e01ba6f06d3f35ed7a0a7bdb40338,8,2026-09-12T18:47:59Z
data/raw/transfermarkt_pages/148_2019_transfers.html,148,Tottenham Hotspur,2019,https://www.transfermarkt.com/-/transfers/verein/148/saison_id/2019,181650,06b7a0340c3f7a78fae4163990c18a7b183a271769d17f5a771aa61a44247d72,26,2026-09-12T18:48:07Z
data/raw/transfermarkt_pages/148_2020_transfers.html,148,Tottenham Hotspur,2020,https://www.transfermarkt.com/-/transfers/verein/148/saison_id/2020,182238,d12594750fdb63a11fdc9903c9d2da85bf2fdd2b6baa065914ab69fcda0afe9a,26,2026-09-12T18:48:12Z
data/raw/transfermarkt_pages/148_2021_transfers.html,148,Tottenham Hotspur,2021,https://www.transfermarkt.com/-/transfers/verein/148/saison_id/2021,194208,ea8dc3a874be04ba40ba85f79469d4a5408226215cc3e0f76c6a7efa7af526f1,33,2026-09-12T18:48:20Z
data/raw/transfermarkt_pages/148_2022_transfers.html,148,Tottenham Hotspur,2022,https://www.transfermarkt.com/-/transfers/verein/148/saison_id/2022,186908,b4319e324fd7c282c66f7a70524c5de992f90375e7b1743ee893372c7e709eba,29,2026-09-12T18:48:26Z
data/raw/transfermarkt_pages/148_2023_transfers.html,148,Tottenham Hotspur,2023,https://www.transfermarkt.com/-/transfers/verein/148/saison_id/2023,224720,3c4da456609cfd31b5b0e73e4846f6bf4f219cfc7f3e1593f25eea2762091946,49,2026-09-12T18:48:32Z
data/raw/transfermarkt_pages/1010_2017_transfers.html,1010,Watford FC,2017,https://www.transfermarkt.com/-/transfers/verein/1010/saison_id/2017,243751,f830b76a8df29f6e0eb88d2690378a584b081206f4286b7da65f47148e6de8e9,62,2026-09-12T18:48:38Z
data/raw/transfermarkt_pages/1010_2018_transfers.html,1010,Watford FC,2018,https://www.transfermarkt.com/-/transfers/verein/1010/saison_id/2018,228157,3725f7fc34e9b48c8b180ac1e3effa71d6d96601485a721b735fa216ac309926,53,2026-09-12T18:48:46Z
data/raw/transfermarkt_pages/1010_2019_transfers.html,1010,Watford FC,2019,https://www.transfermarkt.com/-/transfers/verein/1010/saison_id/2019,204522,751933b1b6c07e0657631374df5c9fb71839958a0d55b9095d4aff4367eb67d4,41,2026-09-12T18:48:52Z
data/raw/transfermarkt_pages/1010_2020_transfers.html,1010,Watford FC,2020,https://www.transfermarkt.com/-/transfers/verein/1010/saison_id/2020,225747,35463dcf6172f0e69f18be909c200fb63ad6632ee6850828fe5b872fde15ae31,53,2026-09-12T18:48:58Z
data/raw/transfermarkt_pages/1010_2021_transfers.html,1010,Watford FC,2021,https://www.transfermarkt.com/-/transfers/verein/1010/saison_id/2021,238863,da7b48320a1a47c72fa335e46adc47fe0b2e03a9d3c928bf26b98ff8234e0fdf,60,2026-09-12T18:49:04Z
data/raw/transfermarkt_pages/1010_2022_transfers.html,1010,Watford FC,2022,https://www.transfermarkt.com/-/transfers/verein/1010/saison_id/2022,246063,96d056f59eea5d95694e783aa592d2cd2fd720fcc03735698026ae0f8b11c6de,63,2026-09-12T18:49:12Z
data/raw/transfermarkt_pages/1010_2023_transfers.html,1010,Watford FC,2023,https://www.transfermarkt.com/-/transfers/verein/1010/saison_id/2023,213379,b60a48de0355fa42641ad9247e13b99058e01cb047a66ade8f3b38ca1b35e1fa,46,2026-09-12T18:49:19Z
data/raw/transfermarkt_pages/984_2017_transfers.html,984,West Bromwich Albion,2017,https://www.transfermarkt.com/-/transfers/verein/984/saison_id/2017,185528,b3e5b8e250057eca51c1eec9cc78e338e2f2b4bbcc3fc91054d22ecbf20ee682,28,2026-09-12T18:49:25Z
data/raw/transfermarkt_pages/984_2018_transfers.html,984,West Bromwich Albion,2018,https://www.transfermarkt.com/-/transfers/verein/984/saison_id/2018,217352,fe6a6ef7689c983742934fd9943872e736bf412b0ccd126aa151dffe357a20c6,45,2026-09-12T18:49:31Z
data/raw/transfermarkt_pages/984_2019_transfers.html,984,West Bromwich Albion,2019,https://www.transfermarkt.com/-/transfers/verein/984/saison_id/2019,195144,179f67318e05550b02a51a4bdf8331da54770e031bd7d0a16aa1fd2f34cd162c,33,2026-09-12T18:49:37Z
data/raw/transfermarkt_pages/984_2020_transfers.html,984,West Bromwich Albion,2020,https://www.transfermarkt.com/-/transfers/verein/984/saison_id/2020,218011,886a42b15657d6550237a9773db730ad69dfdb0214991381ae294af41dd999d0,45,2026-09-12T18:49:44Z
data/raw/transfermarkt_pages/984_2021_transfers.html,984,West Bromwich Albion,2021,https://www.transfermarkt.com/-/transfers/verein/984/saison_id/2021,197875,b7185281e90181ecf4f89bc7bc6b83f244c9a3d121145c928b189ff3d1e0ac1e,35,2026-09-12T18:49:50Z
data/raw/transfermarkt_pages/984_2022_transfers.html,984,West Bromwich Albion,2022,https://www.transfermarkt.com/-/transfers/verein/984/saison_id/2022,189349,87092b5795454ebcae8539367de25df8ff2712d4c453142b1ade1c5dbb9dc77c,30,2026-09-12T18:49:56Z
data/raw/transfermarkt_pages/984_2023_transfers.html,984,West Bromwich Albion,2023,https://www.transfermarkt.com/-/transfers/verein/984/saison_id/2023,189811,5c5b02aaf0728d826317c3e09dd1625e405df18627c22f980e0d20f5918cd3d1,30,2026-09-12T18:50:02Z
data/raw/transfermarkt_pages/379_2017_transfers.html,379,West Ham United,2017,https://www.transfermarkt.com/-/transfers/verein/379/saison_id/2017,207068,ccff91a2edcd3eb4ec747059f906fe871d0c1aa71386edc0448a871f3b320ec7,41,2026-09-12T18:50:08Z
data/raw/transfermarkt_pages/379_2018_transfers.html,379,West Ham United,2018,https://www.transfermarkt.com/-/transfers/verein/379/saison_id/2018,188869,c3c28d7d5cb5d8468fca878600716ff289e1dbf90ab2cdeb18d569f6e65b2eeb,31,2026-09-12T18:50:14Z
data/raw/transfermarkt_pages/379_2019_transfers.html,379,West Ham United,2019,https://www.transfermarkt.com/-/transfers/verein/379/saison_id/2019,181713,ba3106a951bdec0d61f8e2a350449ad4c44bd0c1bf7bc1d0fa32cc62304bd078,27,2026-09-12T18:50:20Z
data/raw/transfermarkt_pages/379_2020_transfers.html,379,West Ham United,2020,https://www.transfermarkt.com/-/transfers/verein/379/saison_id/2020,193257,b4a220f5ec4e924b9758f9b8f1d6a5a04f9420d0edb7eaa9424acd0744a05957,33,2026-09-12T18:50:27Z
data/raw/transfermarkt_pages/379_2021_transfers.html,379,West Ham United,2021,https://www.transfermarkt.com/-/transfers/verein/379/saison_id/2021,165643,10ad273a0dbcb4f71b206b7c8fde2d170a878461247ec7722fcd1824ed6dcd39,18,2026-09-12T18:50:34Z
data/raw/transfermarkt_pages/379_2022_transfers.html,379,West Ham United,2022,https://www.transfermarkt.com/-/transfers/verein/379/saison_id/2022,178809,31ddc019f913247250f83a65825353419a4a0f051aa03fcf525476d17ed21240,25,2026-09-12T18:50:41Z
data/raw/transfermarkt_pages/379_2023_transfers.html,379,West Ham United,2023,https://www.transfermarkt.com/-/transfers/verein/379/saison_id/2023,171000,38c9e82de39fa933b5d4b64feb9855e68382551325fb50ae4f8a8c4a69d3618c,21,2026-09-12T18:50:48Z
data/raw/transfermarkt_pages/543_2017_transfers.html,543,Wolverhampton Wanderers,2017,https://www.transfermarkt.com/-/transfers/verein/543/saison_id/2017,258699,0ebd67fa24d4a2ffe4be8892c5f8184484e22722859bbae14319a620943a3fa6,67,2026-09-12T18:50:55Z
data/raw/transfermarkt_pages/543_2018_transfers.html,543,Wolverhampton Wanderers,2018,https://www.transfermarkt.com/-/transfers/verein/543/saison_id/2018,284703,49e01bad3a7ced9e4edc2db2c2e2195f5a8a9a5187bc2281aa365d2f4833dd8a,80,2026-09-12T18:51:02Z
data/raw/transfermarkt_pages/543_2019_transfers.html,543,Wolverhampton Wanderers,2019,https://www.transfermarkt.com/-/transfers/verein/543/saison_id/2019,233893,7e0c4ee004072f5a04324939121e567d1aacc425c488cfa4e3654125a6180a68,53,2026-09-12T18:51:08Z
data/raw/transfermarkt_pages/543_2020_transfers.html,543,Wolverhampton Wanderers,2020,https://www.transfermarkt.com/-/transfers/verein/543/saison_id/2020,214972,a27093224d52ccd8bea548a6a7eb4ea638bb0f337285e4ffe8c4e6e0caa5b3cc,43,2026-09-12T18:51:16Z
data/raw/transfermarkt_pages/543_2021_transfers.html,543,Wolverhampton Wanderers,2021,https://www.transfermarkt.com/-/transfers/verein/543/saison_id/2021,220026,b8db3eeebe80bc78f6c9851504c27bf7e3687b57409cf703b52a6e526e909043,46,2026-09-12T18:51:21Z
data/raw/transfermarkt_pages/543_2022_transfers.html,543,Wolverhampton Wanderers,2022,https://www.transfermarkt.com/-/transfers/verein/543/saison_id/2022,242226,3efdc435da39674f825c36eb631b862c60a51649c97fc1490f4001501e8070ad,58,2026-09-12T18:51:27Z
data/raw/transfermarkt_pages/543_2023_transfers.html,543,Wolverhampton Wanderers,2023,https://www.transfermarkt.com/-/transfers/verein/543/saison_id/2023,240227,5d8f1eac7ff110df775367e1acd0e9d67e3f021e532840dae4f2ac623c03c57b,57,2026-09-12T18:51:34Z
data/raw/transfermarkt_pages/1147_2017_transfers.html,1147,AC Ajaccio,2017,https://www.transfermarkt.com/-/transfers/verein/1147/saison_id/2017,171133,a6feeb904c5880862103280db75fa24a30e85304bcb3b34da3caf5ff98f78d67,30,2026-09-12T18:51:41Z
data/raw/transfermarkt_pages/1147_2018_transfers.html,1147,AC Ajaccio,2018,https://www.transfermarkt.com/-/transfers/verein/1147/saison_id/2018,162655,21270e05611e33fbdc7bd0e0c0b38991b8cc57f817215af933f14df093d06b87,25,2026-09-12T18:51:47Z
data/raw/transfermarkt_pages/1147_2019_transfers.html,1147,AC Ajaccio,2019,https://www.transfermarkt.com/-/transfers/verein/1147/saison_id/2019,166083,1887f84caf4763d146dcab3ff2485e7552dd062675063b21cc79229bae72fd9d,27,2026-09-12T18:51:54Z
data/raw/transfermarkt_pages/1147_2020_transfers.html,1147,AC Ajaccio,2020,https://www.transfermarkt.com/-/transfers/verein/1147/saison_id/2020,171575,5764bdeaeb1bc16250fa7d4e7516f18daa32284f732b308ad9425a0bca8b6975,30,2026-09-12T18:52:01Z
data/raw/transfermarkt_pages/1147_2021_transfers.html,1147,AC Ajaccio,2021,https://www.transfermarkt.com/-/transfers/verein/1147/saison_id/2021,151517,cc84776a55b3aeba163a3af81be04d8dd39692ab9ed98b5c4829e5d70a89160e,19,2026-09-12T18:52:07Z
data/raw/transfermarkt_pages/1147_2022_transfers.html,1147,AC Ajaccio,2022,https://www.transfermarkt.com/-/transfers/verein/1147/saison_id/2022,169062,7db4ebfc72bcc0385418f8f573df57c96b10b4fb8951da78332a47dff2991b83,28,2026-09-12T18:52:13Z
data/raw/transfermarkt_pages/1147_2023_transfers.html,1147,AC Ajaccio,2023,https://www.transfermarkt.com/-/transfers/verein/1147/saison_id/2023,194072,eadc04a0e2ba70f8e7f97d7f4d1059307f594fa04cf0236a5536d45d695d94fe,42,2026-09-12T18:52:19Z
data/raw/transfermarkt_pages/290_2017_transfers.html,290,AJ Auxerre,2017,https://www.transfermarkt.com/-/transfers/verein/290/saison_id/2017,187533,5abe33089ae51fb062f1d310d90adbee45d13321fbfb4a5324b9eaf9c23ed946,36,2026-09-12T18:52:25Z
data/raw/transfermarkt_pages/290_2018_transfers.html,290,AJ Auxerre,2018,https://www.transfermarkt.com/-/transfers/verein/290/saison_id/2018,185267,523c5ae120598223256937176728f477ef0d64355c8a246262922cb0d5ea6bcb,34,2026-09-12T18:52:30Z
data/raw/transfermarkt_pages/290_2019_transfers.html,290,AJ Auxerre,2019,https://www.transfermarkt.com/-/transfers/verein/290/saison_id/2019,173805,af08e134fb08c8c4e20d6015a53cc51e4e349d3677ffde6d5f418fa538237202,28,2026-09-12T18:52:38Z
data/raw/transfermarkt_pages/290_2020_transfers.html,290,AJ Auxerre,2020,https://www.transfermarkt.com/-/transfers/verein/290/saison_id/2020,162220,8cee320fe569f9493568321df606c50aa284cac4417281d2446a424b847db105,22,2026-09-12T18:52:43Z
data/raw/transfermarkt_pages/290_2021_transfers.html,290,AJ Auxerre,2021,https://www.transfermarkt.com/-/transfers/verein/290/saison_id/2021,150018,abb5858f48a7297206e5470b7939b52c35ba5fe360d5d5548244899049e10a6a,16,2026-09-12T18:52:49Z
data/raw/transfermarkt_pages/290_2022_transfers.html,290,AJ Auxerre,2022,https://www.transfermarkt.com/-/transfers/verein/290/saison_id/2022,196058,ddfc50d506a16a65e33e3a0a2b710bbac6d8284f075fe902a8c2f27da18fdbdc,40,2026-09-12T18:52:55Z
data/raw/transfermarkt_pages/290_2023_transfers.html,290,AJ Auxerre,2023,https://www.transfermarkt.com/-/transfers/verein/290/saison_id/2023,200225,8ffb6a236e6e84c9db4acfd6065ee1a33a4df8e4d95105f12bcdc5dec0d24187,42,2026-09-12T18:53:02Z
data/raw/transfermarkt_pages/162_2017_transfers.html,162,AS Monaco,2017,https://www.transfermarkt.com/-/transfers/verein/162/saison_id/2017,218122,c9fa9543b28b8aad84fbf0a94fd1fee98f5b0fe3a3616f0c7d4a7cd2a6d6de87,48,2026-09-12T18:53:09Z
data/raw/transfermarkt_pages/162_2018_transfers.html,162,AS Monaco,2018,https://www.transfermarkt.com/-/transfers/verein/162/saison_id/2018,252478,e9dab383a030f5b568ef3514e1cf79227f255347e33774aa4c02678c3abdf062,66,2026-09-12T18:53:15Z
data/raw/transfermarkt_pages/162_2019_transfers.html,162,AS Monaco,2019,https://www.transfermarkt.com/-/transfers/verein/162/saison_id/2019,262133,86861102a842e12003f0a809f4256b2ed10fa60460c3d823e503274a0e6c4338,71,2026-09-12T18:53:21Z
data/raw/transfermarkt_pages/162_2020_transfers.html,162,AS Monaco,2020,https://www.transfermarkt.com/-/transfers/verein/162/saison_id/2020,241036,ae74c3c8dc00839177fe812cd8ff372d81662bd93944546746ba34323cec5add,61,2026-09-12T18:53:28Z
data/raw/transfermarkt_pages/162_2021_transfers.html,162,AS Monaco,2021,https://www.transfermarkt.com/-/transfers/verein/162/saison_id/2021,211410,dff5add8fce4278d65fb5cea8b15ca5e6bdeb1845632ca7e2290412a824be79f,45,2026-09-12T18:53:34Z
data/raw/transfermarkt_pages/162_2022_transfers.html,162,AS Monaco,2022,https://www.transfermarkt.com/-/transfers/verein/162/saison_id/2022,204200,cd9d82c856e4e1569c7225cf233f7f20e5099a2c55acfd7cd7376aeab60d807f,41,2026-09-12T18:53:41Z
data/raw/transfermarkt_pages/162_2023_transfers.html,162,AS Monaco,2023,https://www.transfermarkt.com/-/transfers/verein/162/saison_id/2023,188927,f5feae2e89c19977562aee88f46652ad9658159b91756a2eb694cfda363052f5,33,2026-09-12T18:53:48Z
data/raw/transfermarkt_pages/618_2017_transfers.html,618,AS Saint-Étienne,2017,https://www.transfermarkt.com/-/transfers/verein/618/saison_id/2017,207629,15d4ce81a535cdc5a9a19aee4bd751ba7a3cd5b6ae1808538233e17da9e1d5d4,42,2026-09-12T18:53:55Z
data/raw/transfermarkt_pages/618_2018_transfers.html,618,AS Saint-Étienne,2018,https://www.transfermarkt.com/-/transfers/verein/618/saison_id/2018,202628,9ea9b5e348c0917e7f7528214cdbaa50767dc73b102b3b0ef03e746c6d047a43,39,2026-09-12T18:54:02Z
data/raw/transfermarkt_pages/618_2019_transfers.html,618,AS Saint-Étienne,2019,https://www.transfermarkt.com/-/transfers/verein/618/saison_id/2019,208585,2fd7f3e39738d90d01e5a6c7324cc0c37ee130af625c32c60877897376a43208,42,2026-09-12T18:54:07Z
data/raw/transfermarkt_pages/618_2020_transfers.html,618,AS Saint-Étienne,2020,https://www.transfermarkt.com/-/transfers/verein/618/saison_id/2020,216492,e67c07c3699ce56e63964407e0a6eb1ff29c09063c9d415cbfe9df0224cd8d29,47,2026-09-12T18:54:13Z
data/raw/transfermarkt_pages/618_2021_transfers.html,618,AS Saint-Étienne,2021,https://www.transfermarkt.com/-/transfers/verein/618/saison_id/2021,181759,c494ce7c89a3bc0f4f004472ae8913bd5d31a043c9243beb88949b08cbda52cd,29,2026-09-12T18:54:19Z
data/raw/transfermarkt_pages/618_2022_transfers.html,618,AS Saint-Étienne,2022,https://www.transfermarkt.com/-/transfers/verein/618/saison_id/2022,221876,913c1879d2979cd005d7d4642a0fabbf729e88adf070c7338159b8eb1d23470e,51,2026-09-12T18:54:26Z
data/raw/transfermarkt_pages/618_2023_transfers.html,618,AS Saint-Étienne,2023,https://www.transfermarkt.com/-/transfers/verein/618/saison_id/2023,189630,7e263ed0bbe4d55a3abe3a8b70f048efb16f20ac96efb2f59c6bd9e37f5c252f,33,2026-09-12T18:54:33Z
data/raw/transfermarkt_pages/1416_2017_transfers.html,1416,Amiens SC,2017,https://www.transfermarkt.com/-/transfers/verein/1416/saison_id/2017,185865,8e4e59e20b610f7b46b2b61d4958eea0ead8e37ff5c02dfef19b5b0fde38c3ae,34,2026-09-12T18:54:39Z
data/raw/transfermarkt_pages/1416_2018_transfers.html,1416,Amiens SC,2018,https://www.transfermarkt.com/-/transfers/verein/1416/saison_id/2018,210385,fdcde9f1e5ac80a5e76f96cde7ba736a4a8af8a869f5ac8a7cc171808f58b3cc,47,2026-09-12T18:54:46Z
data/raw/transfermarkt_pages/1416_2019_transfers.html,1416,Amiens SC,2019,https://www.transfermarkt.com/-/transfers/verein/1416/saison_id/2019,205431,c2cde0ab94b4bafab3cbd40df778845ef25af73dad2fca7af075e95d044019cf,44,2026-09-12T18:54:51Z
data/raw/transfermarkt_pages/1416_2020_transfers.html,1416,Amiens SC,2020,https://www.transfermarkt.com/-/transfers/verein/1416/saison_id/2020,229198,be8f3c3f302ff8f1af1f80a0df1e3f55ace8cb997b61c56abafd5b108e62a9aa,58,2026-09-12T18:54:57Z
data/raw/transfermarkt_pages/1416_2021_transfers.html,1416,Amiens SC,2021,https://www.transfermarkt.com/-/transfers/verein/1416/saison_id/2021,208806,64c988f4b24a3f1314ebcc730dd02bc5278e3a6dd4e432827a5660e718cecbd4,47,2026-09-12T18:55:03Z
data/raw/transfermarkt_pages/1416_2022_transfers.html,1416,Amiens SC,2022,https://www.transfermarkt.com/-/transfers/verein/1416/saison_id/2022,222413,88c340b80c0dc2a4f6288af62ed2b4609ce91e73ad08b3c8bb2a190f8f5f1c52,54,2026-09-12T18:55:10Z
data/raw/transfermarkt_pages/1416_2023_transfers.html,1416,Amiens SC,2023,https://www.transfermarkt.com/-/transfers/verein/1416/saison_id/2023,215104,ef3f9d0cda49e4f1219bb401c68bb827aadf47ea98483f91107d6cd583534567,50,2026-09-12T18:55:16Z
data/raw/transfermarkt_pages/1420_2017_transfers.html,1420,Angers SCO,2017,https://www.transfermarkt.com/-/transfers/verein/1420/saison_id/2017,195726,e3cd6840e8691a16acc202645ad236f578816cdc27f69854eb4be322b6ebcc49,39,2026-09-12T18:55:23Z
data/raw/transfermarkt_pages/1420_2018_transfers.html,1420,Angers SCO,2018,https://www.transfermarkt.com/-/transfers/verein/1420/saison_id/2018,196034,d4830b6a9026de4d8ca3fc905f7f0b002ccbdac9e5e295d64413ea5ee065077d,39,2026-09-12T18:55:29Z
data/raw/transfermarkt_pages/1420_2019_transfers.html,1420,Angers SCO,2019,https://www.transfermarkt.com/-/transfers/verein/1420/saison_id/2019,185379,5b3810318a7049a452bb75522bde87e690e405c3fae5162d215ed66ca9d68f55,34,2026-09-12T18:55:35Z
data/raw/transfermarkt_pages/1420_2020_transfers.html,1420,Angers SCO,2020,https://www.transfermarkt.com/-/transfers/verein/1420/saison_id/2020,180316,d69f5c59c6ae02a7dc27f2614ee12f50a75f78790be26665688c0dbd1bf40a7f,31,2026-09-12T18:55:42Z
data/raw/transfermarkt_pages/1420_2021_transfers.html,1420,Angers SCO,2021,https://www.transfermarkt.com/-/transfers/verein/1420/saison_id/2021,173159,a91b9a0af29a5ed828cbce2494d1a81458ebe9eeb1f3953f3443f4644e1e61a1,27,2026-09-12T18:55:48Z
data/raw/transfermarkt_pages/1420_2022_transfers.html,1420,Angers SCO,2022,https://www.transfermarkt.com/-/transfers/verein/1420/saison_id/2022,204784,3d4401b4537ac153e69611c06abc9e891675ec4752851f86fdd13a93a4d95f3c,44,2026-09-12T18:55:54Z
data/raw/transfermarkt_pages/1420_2023_transfers.html,1420,Angers SCO,2023,https://www.transfermarkt.com/-/transfers/verein/1420/saison_id/2023,182052,404f4e6f61904b8717c9e2c7557cf465db3587a8b19793d7e64513b9ba9508d5,32,2026-09-12T18:56:00Z
data/raw/transfermarkt_pages/3524_2017_transfers.html,3524,Clermont Foot 63,2017,https://www.transfermarkt.com/-/transfers/verein/3524/saison_id/2017,172644,a19cf8fa0066b29b44e936e68c8d56c1143362d6b516e53be2d4b2ec46cf9f9a,28,2026-09-12T18:56:07Z
data/raw/transfermarkt_pages/3524_2018_transfers.html,3524,Clermont Foot 63,2018,https://www.transfermarkt.com/-/transfers/verein/3524/saison_id/2018,170967,4e87c1bad49a4805a1c0ac5391b859ba19fe7c14927affc2812eaf34e9316035,27,2026-09-12T18:56:14Z
data/raw/transfermarkt_pages/3524_2019_transfers.html,3524,Clermont Foot 63,2019,https://www.transfermarkt.com/-/transfers/verein/3524/saison_id/2019,179284,3962f0289bc8f0faa2f3707509ea68ab1169b5510d15b0f169002bd02353c054,31,2026-09-12T18:56:20Z
data/raw/transfermarkt_pages/3524_2020_transfers.html,3524,Clermont Foot 63,2020,https://www.transfermarkt.com/-/transfers/verein/3524/saison_id/2020,169321,af91812adc4881aff139e30d3e925e994cb794c2d9e5dc332e2e7aeb1c78d38e,26,2026-09-12T18:56:27Z
data/raw/transfermarkt_pages/3524_2021_transfers.html,3524,Clermont Foot 63,2021,https://www.transfermarkt.com/-/transfers/verein/3524/saison_id/2021,181205,25d0f86b49cfcab44b596d948c647021e14c64806510994f386d28d52e64ae4d,32,2026-09-12T18:56:34Z
data/raw/transfermarkt_pages/3524_2022_transfers.html,3524,Clermont Foot 63,2022,https://www.transfermarkt.com/-/transfers/verein/3524/saison_id/2022,213003,c74b6fcac03737ea82bb92e1070ef2726eea08689360de655fc5dccdcedb0a4e,49,2026-09-12T18:56:41Z
data/raw/transfermarkt_pages/3524_2023_transfers.html,3524,Clermont Foot 63,2023,https://www.transfermarkt.com/-/transfers/verein/3524/saison_id/2023,187803,df7b7c493a593f8509d82d8b010ff8e46ac1b56aa5c505d4bb93c17f8f43286d,35,2026-09-12T18:56:48Z
data/raw/transfermarkt_pages/2969_2017_transfers.html,2969,Dijon FCO,2017,https://www.transfermarkt.com/-/transfers/verein/2969/saison_id/2017,162401,84c2e238cfb4a9abb4bcbc43656e30f985304275214c091e98a4a205a66cf1d2,25,2026-09-12T18:56:55Z
data/raw/transfermarkt_pages/2969_2018_transfers.html,2969,Dijon FCO,2018,https://www.transfermarkt.com/-/transfers/verein/2969/saison_id/2018,168569,23d2d22177cd65d8bf0219ebb405dc31d5a0a6beaf5478b1148bb1d0afc40043,29,2026-09-12T18:57:02Z
data/raw/transfermarkt_pages/2969_2019_transfers.html,2969,Dijon FCO,2019,https://www.transfermarkt.com/-/transfers/verein/2969/saison_id/2019,175303,044019d48b63c3dee8a6c19548b612357e4f121c6a798e1c7922f235dce08e5f,32,2026-09-12T18:57:08Z
data/raw/transfermarkt_pages/2969_2020_transfers.html,2969,Dijon FCO,2020,https://www.transfermarkt.com/-/transfers/verein/2969/saison_id/2020,176560,5da3b6eb8daf3a8d79660332947acc549426d15a5a9e2cb8cb47ba57765df97b,33,2026-09-12T18:57:14Z
data/raw/transfermarkt_pages/2969_2021_transfers.html,2969,Dijon FCO,2021,https://www.transfermarkt.com/-/transfers/verein/2969/saison_id/2021,199692,fb70f07a2fe729a644f02c4ee1c2105f8279d0caa44307f62713a7cd537ceb55,45,2026-09-12T18:57:20Z
data/raw/transfermarkt_pages/2969_2022_transfers.html,2969,Dijon FCO,2022,https://www.transfermarkt.com/-/transfers/verein/2969/saison_id/2022,165417,3f48936c7bb13ea8754db0144528ebe37973581a6337db3b0d4e964c4a9873c2,27,2026-09-12T18:57:26Z
data/raw/transfermarkt_pages/2969_2023_transfers.html,2969,Dijon FCO,2023,https://www.transfermarkt.com/-/transfers/verein/2969/saison_id/2023,193473,f2d44436df4e7b5acfc24862c79b47e13bdd5436cdcce1ac809e069d5eeda962,42,2026-09-12T18:57:33Z
data/raw/transfermarkt_pages/855_2017_transfers.html,855,EA Guingamp,2017,https://www.transfermarkt.com/-/transfers/verein/855/saison_id/2017,175761,af71cb20bb04b310cc818fd75438168f3774c2710bc3711a8453d2202aff2f0a,30,2026-09-12T18:57:40Z
data/raw/transfermarkt_pages/855_2018_transfers.html,855,EA Guingamp,2018,https://www.transfermarkt.com/-/transfers/verein/855/saison_id/2018,166767,d9162ed45ef23f33b04db3534496222611aa9d5b0d35c062e173ec22be8b1f1a,26,2026-09-12T18:57:47Z
data/raw/transfermarkt_pages/855_2019_transfers.html,855,EA Guingamp,2019,https://www.transfermarkt.com/-/transfers/verein/855/saison_id/2019,204923,02c9ea678958f34be449de11e837473fdeda4c842c79341b05861a445b47aeeb,46,2026-09-12T18:57:54Z
data/raw/transfermarkt_pages/855_2020_transfers.html,855,EA Guingamp,2020,https://www.transfermarkt.com/-/transfers/verein/855/saison_id/2020,184637,818086560fd717974ab80733276068c2b6cf801cf937aac77a200cbbe4867b14,35,2026-09-12T18:58:01Z
data/raw/transfermarkt_pages/855_2021_transfers.html,855,EA Guingamp,2021,https://www.transfermarkt.com/-/transfers/verein/855/saison_id/2021,194699,4da0e370dd17373171ed74a8c4c8eae26497132503fef6e0b46b09c5d26ae89e,41,2026-09-12T18:58:08Z
data/raw/transfermarkt_pages/855_2022_transfers.html,855,EA Guingamp,2022,https://www.transfermarkt.com/-/transfers/verein/855/saison_id/2022,183507,88c53995df6e785d5fb3f3be01eee4365e14f0348486c024ff27347dfd7bb8fb,34,2026-09-12T18:58:13Z
data/raw/transfermarkt_pages/855_2023_transfers.html,855,EA Guingamp,2023,https://www.transfermarkt.com/-/transfers/verein/855/saison_id/2023,178704,8f4e4f4607674b5e1ecbe90de03969571fe287e0559647e645a9d5f83b2afb6e,32,2026-09-12T18:58:19Z
data/raw/transfermarkt_pages/1095_2017_transfers.html,1095,ESTAC Troyes,2017,https://www.transfermarkt.com/-/transfers/verein/1095/saison_id/2017,159548,f80b4ead3812a160568b8d5b10bbcb5eedf973d5c9018a6c0fa0c615ac688779,20,2026-09-12T18:58:25Z
data/raw/transfermarkt_pages/1095_2018_transfers.html,1095,ESTAC Troyes,2018,https://www.transfermarkt.com/-/transfers/verein/1095/saison_id/2018,194525,b51ba5257b14920344e52fa32a80d49cc23dcae73a35d1071cddba8eaa2dd4fe,38,2026-09-12T18:58:31Z
data/raw/transfermarkt_pages/1095_2019_transfers.html,1095,ESTAC Troyes,2019,https://www.transfermarkt.com/-/transfers/verein/1095/saison_id/2019,209623,572357b66297f595a07c843d136de06711fafbfcab08567d6e4869cc32a6144c,46,2026-09-12T18:58:38Z
data/raw/transfermarkt_pages/1095_2020_transfers.html,1095,ESTAC Troyes,2020,https://www.transfermarkt.com/-/transfers/verein/1095/saison_id/2020,174082,0c8c9107f0355c2eee7ab8bc4a04170e3774a12abe202058994dcb22204449ba,27,2026-09-12T18:58:45Z
data/raw/transfermarkt_pages/1095_2021_transfers.html,1095,ESTAC Troyes,2021,https://www.transfermarkt.com/-/transfers/verein/1095/saison_id/2021,211495,8cf4f9839c8e602f8bee32be307e4910997b505243078fde2e9ccc4d5267c4aa,47,2026-09-12T18:58:51Z
data/raw/transfermarkt_pages/1095_2022_transfers.html,1095,ESTAC Troyes,2022,https://www.transfermarkt.com/-/transfers/verein/1095/saison_id/2022,218343,8d42be853554026234dfa2dad25e9afed025fbdfc5051b0e73c3ab1f2aa009b4,51,2026-09-12T18:58:56Z
data/raw/transfermarkt_pages/1095_2023_transfers.html,1095,ESTAC Troyes,2023,https://www.transfermarkt.com/-/transfers/verein/1095/saison_id/2023,237312,17f5914c2dbc80039e6752789aac9a0d42916fb08c870e2411832918626c3161,61,2026-09-12T18:59:03Z
data/raw/transfermarkt_pages/40_2017_transfers.html,40,FC Girondins Bordeaux,2017,https://www.transfermarkt.com/-/transfers/verein/40/saison_id/2017,212120,e766ac77f3a2ea2763cf25a6472d7be26633ffa33f0bcbfd5be97590eca0bc7f,46,2026-09-12T18:59:09Z
data/raw/transfermarkt_pages/40_2018_transfers.html,40,FC Girondins Bordeaux,2018,https://www.transfermarkt.com/-/transfers/verein/40/saison_id/2018,195789,60bb4da86a07fd482192a6143dbdacf6027ef64b2e49eb266765cc4d41ddbd79,37,2026-09-12T18:59:17Z
data/raw/transfermarkt_pages/40_2019_transfers.html,40,FC Girondins Bordeaux,2019,https://www.transfermarkt.com/-/transfers/verein/40/saison_id/2019,196882,8c5b1dbbd75ac4ededcd643c358c8acdac036c07f1a063da7c1524815d26023d,38,2026-09-12T18:59:23Z
data/raw/transfermarkt_pages/40_2020_transfers.html,40,FC Girondins Bordeaux,2020,https://www.transfermarkt.com/-/transfers/verein/40/saison_id/2020,173042,a71cdbcb6e801a1915825a1f4ff5fd58ca447c8a3ece6c51cd0e9408e9468145,25,2026-09-12T18:59:29Z
data/raw/transfermarkt_pages/40_2021_transfers.html,40,FC Girondins Bordeaux,2021,https://www.transfermarkt.com/-/transfers/verein/40/saison_id/2021,201149,cbe256e39692b4bbd654897b2f2ee1601104cc9d64a9b09b99c4c6dbd32f5887,41,2026-09-12T18:59:36Z
data/raw/transfermarkt_pages/40_2022_transfers.html,40,FC Girondins Bordeaux,2022,https://www.transfermarkt.com/-/transfers/verein/40/saison_id/2022,220871,4ea3d8ff0e24d2781b50be3e9c9ed1df994a6e1ea31aa1836bb76602a32f31a1,51,2026-09-12T18:59:42Z
data/raw/transfermarkt_pages/40_2023_transfers.html,40,FC Girondins Bordeaux,2023,https://www.transfermarkt.com/-/transfers/verein/40/saison_id/2023,187395,07e22537b63e0add127408aacc04a1cac9f0872041b4d15f924b657d13849f7e,33,2026-09-12T18:59:48Z
data/raw/transfermarkt_pages/1158_2017_transfers.html,1158,FC Lorient,2017,https://www.transfermarkt.com/-/transfers/verein/1158/saison_id/2017,197732,6952537096984261705ca317acb194c6d0c656d2afbe2689d5b004308d07b99f,40,2026-09-12T18:59:55Z
data/raw/transfermarkt_pages/1158_2018_transfers.html,1158,FC Lorient,2018,https://www.transfermarkt.com/-/transfers/verein/1158/saison_id/2018,205537,a6d62ba42564158c81cf0fa92d57d35b8dae6bd1b146725245ccca58ed7b7019,44,2026-09-12T19:00:01Z
data/raw/transfermarkt_pages/1158_2019_transfers.html,1158,FC Lorient,2019,https://www.transfermarkt.com/-/transfers/verein/1158/saison_id/2019,196366,844f5c42c295b1b1e4e10bc820e96418746f6c3048ad14da8ca9e99ef71b7313,39,2026-09-12T19:00:08Z
data/raw/transfermarkt_pages/1158_2020_transfers.html,1158,FC Lorient,2020,https://www.transfermarkt.com/-/transfers/verein/1158/saison_id/2020,196673,e28c85779128196243cc9e4a35448a795a2f8423ed6b215f5e3662494ee6a5af,40,2026-09-12T19:00:14Z
data/raw/transfermarkt_pages/1158_2021_transfers.html,1158,FC Lorient,2021,https://www.transfermarkt.com/-/transfers/verein/1158/saison_id/2021,180031,102b87bfaa5f125cdbc851bb7d99043549f1b575e264d7f25542530b6b0476fb,31,2026-09-12T19:00:21Z
data/raw/transfermarkt_pages/1158_2022_transfers.html,1158,FC Lorient,2022,https://www.transfermarkt.com/-/transfers/verein/1158/saison_id/2022,222229,f9e46a0a4d9a19ee90becb8f82e4b5de695394a8cf63b65c706f9e3a4d5b4334,54,2026-09-12T19:00:28Z
data/raw/transfermarkt_pages/1158_2023_transfers.html,1158,FC Lorient,2023,https://www.transfermarkt.com/-/transfers/verein/1158/saison_id/2023,206715,3223959ecf29b29d17f358475e1d5da303affc48eeb0550d4518dd9f6b834531,45,2026-09-12T19:00:33Z
data/raw/transfermarkt_pages/347_2017_transfers.html,347,FC Metz,2017,https://www.transfermarkt.com/-/transfers/verein/347/saison_id/2017,207876,40c0f5dcdc1c0b9ee07f5240a50a24a7fc080c89b59502d8db7db81215032cfc,44,2026-09-12T19:00:39Z
data/raw/transfermarkt_pages/347_2018_transfers.html,347,FC Metz,2018,https://www.transfermarkt.com/-/transfers/verein/347/saison_id/2018,220270,d1af4f6ebdb1ab9d4a485a80bedc87f8f26b9b9d6669a115a41286fbffd10687,51,2026-09-12T19:00:46Z
data/raw/transfermarkt_pages/347_2019_transfers.html,347,FC Metz,2019,https://www.transfermarkt.com/-/transfers/verein/347/saison_id/2019,186485,5770053d80e585f76acb3aa25664be758dd9643e3629e2d61a88f78df5389092,33,2026-09-12T19:00:52Z
data/raw/transfermarkt_pages/347_2020_transfers.html,347,FC Metz,2020,https://www.transfermarkt.com/-/transfers/verein/347/saison_id/2020,202498,e0721065e63d4243e4edcb1092cb3a154c22297e1ed50bf54adf46e93af3ceb1,42,2026-09-12T19:00:59Z
data/raw/transfermarkt_pages/347_2021_transfers.html,347,FC Metz,2021,https://www.transfermarkt.com/-/transfers/verein/347/saison_id/2021,197162,be5f3103b0bb74d159608293434ed665a02d2fd163d28bb7a32d5fb69e9ebf3c,39,2026-09-12T19:01:05Z
data/raw/transfermarkt_pages/347_2022_transfers.html,347,FC Metz,2022,https://www.transfermarkt.com/-/transfers/verein/347/saison_id/2022,212909,d446851948b3f37403a0d92e9826edda9cb759af4bdf64b153cd537f50e0f3f8,47,2026-09-12T19:01:11Z
data/raw/transfermarkt_pages/347_2023_transfers.html,347,FC Metz,2023,https://www.transfermarkt.com/-/transfers/verein/347/saison_id/2023,213693,17f501925eff6e97d7a23ab722ab276256ab1f62437295694754baf669e7d75e,47,2026-09-12T19:01:18Z
data/raw/transfermarkt_pages/995_2017_transfers.html,995,FC Nantes,2017,https://www.transfermarkt.com/-/transfers/verein/995/saison_id/2017,171050,e26846aadde7c232276377cabe4ba6823a6c8ff6941cc0edbb7ddbcaf12c01d4,25,2026-09-12T19:01:23Z
data/raw/transfermarkt_pages/995_2018_transfers.html,995,FC Nantes,2018,https://www.transfermarkt.com/-/transfers/verein/995/saison_id/2018,186760,9fa03590f41c0421401185dc06dd50125128cc8a54cadd35f1a2b91a8b338cde,34,2026-09-12T19:01:29Z
data/raw/transfermarkt_pages/995_2019_transfers.html,995,FC Nantes,2019,https://www.transfermarkt.com/-/transfers/verein/995/saison_id/2019,203578,82eb2cb4c9903d934cdd47a7edc04ff0392d8b89b96221b3db0a633c99a56c1b,42,2026-09-12T19:01:36Z
data/raw/transfermarkt_pages/995_2020_transfers.html,995,FC Nantes,2020,https://www.transfermarkt.com/-/transfers/verein/995/saison_id/2020,167951,69661c2f135099aabb7397d1862f265c502c432e618ac79f87ca2fcb453a0408,24,2026-09-12T19:01:42Z
data/raw/transfermarkt_pages/995_2021_transfers.html,995,FC Nantes,2021,https://www.transfermarkt.com/-/transfers/verein/995/saison_id/2021,174532,5e69ad98c4d6fd3e48070d4ef48b1f4caf9594999c92ad478d602770677c9ff2,27,2026-09-12T19:01:49Z
data/raw/transfermarkt_pages/995_2022_transfers.html,995,FC Nantes,2022,https://www.transfermarkt.com/-/transfers/verein/995/saison_id/2022,176136,9c5419da19914e5c636ee86c3677f2358de339ea6921275a7d64d6031709cf94,27,2026-09-12T19:01:55Z
data/raw/transfermarkt_pages/995_2023_transfers.html,995,FC Nantes,2023,https://www.transfermarkt.com/-/transfers/verein/995/saison_id/2023,206406,98198292c3fb6df88f99ff13c81415dedaae688eabd0e998c5b604dc72d52a70,44,2026-09-12T19:02:00Z
data/raw/transfermarkt_pages/415_2017_transfers.html,415,FC Toulouse,2017,https://www.transfermarkt.com/-/transfers/verein/415/saison_id/2017,171550,ee9db899b323e927794b6afede9440da71a6b2ef51af7849bc89b5ad1d676a57,26,2026-09-12T19:02:07Z
data/raw/transfermarkt_pages/415_2018_transfers.html,415,FC Toulouse,2018,https://www.transfermarkt.com/-/transfers/verein/415/saison_id/2018,189527,818b3aa46aa2b4a89573ebcb16f4c02be3a33835b5083f2b2c58bb1cfbed5d0c,35,2026-09-12T19:02:14Z
data/raw/transfermarkt_pages/415_2019_transfers.html,415,FC Toulouse,2019,https://www.transfermarkt.com/-/transfers/verein/415/saison_id/2019,199708,1d07fd2984563622491d91bc111c6beac4270c6d25824cc23a06719a384354a2,41,2026-09-12T19:02:20Z
data/raw/transfermarkt_pages/415_2020_transfers.html,415,FC Toulouse,2020,https://www.transfermarkt.com/-/transfers/verein/415/saison_id/2020,192087,cb4359ef314da5b6c0698d0587aca8356218ee7f50d88cbbca40f7750608c3fc,37,2026-09-12T19:02:26Z
data/raw/transfermarkt_pages/415_2021_transfers.html,415,FC Toulouse,2021,https://www.transfermarkt.com/-/transfers/verein/415/saison_id/2021,200565,b3653c149408c5e431b30972f41818b7e740a21dee4a79cbd81b642d311381f6,41,2026-09-12T19:02:33Z
data/raw/transfermarkt_pages/415_2022_transfers.html,415,FC Toulouse,2022,https://www.transfermarkt.com/-/transfers/verein/415/saison_id/2022,179681,8ae92a97011523fd66b9777c04c0a70132cfc33487bc92e501453c7d32192b67,30,2026-09-12T19:02:38Z
data/raw/transfermarkt_pages/415_2023_transfers.html,415,FC Toulouse,2023,https://www.transfermarkt.com/-/transfers/verein/415/saison_id/2023,208375,7090491018b2645d82b8368ba73da689419bc2ffbcde2bca771d552c37bce4dd,45,2026-09-12T19:02:46Z
data/raw/transfermarkt_pages/1082_2017_transfers.html,1082,LOSC Lille,2017,https://www.transfermarkt.com/-/transfers/verein/1082/saison_id/2017,239939,6d74de1eeef7a09eb7e623e4c254e67478ddd9b63d0d788355ff4da1bc33240d,61,2026-09-12T19:02:52Z
data/raw/transfermarkt_pages/1082_2018_transfers.html,1082,LOSC Lille,2018,https://www.transfermarkt.com/-/transfers/verein/1082/saison_id/2018,193224,5eb51e8d2bfbae05f9996b589083654b77961f13b33f6707aa8d5574cbe82c86,35,2026-09-12T19:02:58Z
data/raw/transfermarkt_pages/1082_2019_transfers.html,1082,LOSC Lille,2019,https://www.transfermarkt.com/-/transfers/verein/1082/saison_id/2019,196045,81b84ff69de7309177723ff141fc3eda24f2744a00a2c82f16ababd75cbb5f18,36,2026-09-12T19:03:05Z
data/raw/transfermarkt_pages/1082_2020_transfers.html,1082,LOSC Lille,2020,https://www.transfermarkt.com/-/transfers/verein/1082/saison_id/2020,182714,2416fbe053214fb3471cb36c76da0ca22b99f9933d04c11cf9de5de9327586e1,29,2026-09-12T19:03:11Z
data/raw/transfermarkt_pages/1082_2021_transfers.html,1082,LOSC Lille,2021,https://www.transfermarkt.com/-/transfers/verein/1082/saison_id/2021,188851,9ab3c990021bee4c09a766a72d38050be89dad19c1197c7844ffc931aa05ba4b,32,2026-09-12T19:03:16Z
data/raw/transfermarkt_pages/1082_2022_transfers.html,1082,LOSC Lille,2022,https://www.transfermarkt.com/-/transfers/verein/1082/saison_id/2022,184887,118d2b102f7dd34635f88c254e089143bfe8f706a68bb7b76d2fadaf71036a49,32,2026-09-12T19:03:22Z
data/raw/transfermarkt_pages/1082_2023_transfers.html,1082,LOSC Lille,2023,https://www.transfermarkt.com/-/transfers/verein/1082/saison_id/2023,176179,46417c7401fcf691aaedeec29f174f65f670cddd74548b7c2b102c62b23bcb5b,26,2026-09-12T19:03:29Z
data/raw/transfermarkt_pages/738_2017_transfers.html,738,Le Havre AC,2017,https://www.transfermarkt.com/-/transfers/verein/738/saison_id/2017,200672,78ced623c016b8e012e1ec0e46f1ffa178483878a28bc50ef076bd7b30010168,40,2026-09-12T19:03:36Z
data/raw/transfermarkt_pages/738_2018_transfers.html,738,Le Havre AC,2018,https://www.transfermarkt.com/-/transfers/verein/738/saison_id/2018,169105,2a921dfa57142dc8fa2fab7a7d3f6f80ace4e71f4ffb04debb11dee3a0a78051,23,2026-09-12T19:03:43Z
data/raw/transfermarkt_pages/738_2019_transfers.html,738,Le Havre AC,2019,https://www.transfermarkt.com/-/transfers/verein/738/saison_id/2019,177918,535cf1fb05ee6a652090b81c74b8728dbfee12b1d7dddb350db6ad51e6e20f38,28,2026-09-12T19:03:49Z
data/raw/transfermarkt_pages/738_2020_transfers.html,738,Le Havre AC,2020,https://www.transfermarkt.com/-/transfers/verein/738/saison_id/2020,169254,e636024da608975bf58b4efa9d66639929c80313dee8d708aa08475747c72761,24,2026-09-12T19:03:56Z
data/raw/transfermarkt_pages/738_2021_transfers.html,738,Le Havre AC,2021,https://www.transfermarkt.com/-/transfers/verein/738/saison_id/2021,158817,f53998dae1299d27aaac2dc0fb7fee4299676b6a350a115de21f239f80a687f8,18,2026-09-12T19:04:01Z
data/raw/transfermarkt_pages/738_2022_transfers.html,738,Le Havre AC,2022,https://www.transfermarkt.com/-/transfers/verein/738/saison_id/2022,202490,f448aa267e535537111a6d9c1c7b82a01ca280700cb9c97bab6b8387220f82b0,41,2026-09-12T19:04:07Z
data/raw/transfermarkt_pages/738_2023_transfers.html,738,Le Havre AC,2023,https://www.transfermarkt.com/-/transfers/verein/738/saison_id/2023,193237,383b2f7fa839ead50d00dca2b98d6950d835995d0050abcc04ecee705abde691,36,2026-09-12T19:04:14Z
data/raw/transfermarkt_pages/969_2017_transfers.html,969,Montpellier HSC,2017,https://www.transfermarkt.com/-/transfers/verein/969/saison_id/2017,184667,9bd1d3281dd43f51451e61898a587df1663887326c5ae1baac141052018c578c,30,2026-09-12T19:04:20Z
data/raw/transfermarkt_pages/969_2018_transfers.html,969,Montpellier HSC,2018,https://www.transfermarkt.com/-/transfers/verein/969/saison_id/2018,171877,a80bab99d7f78337792426f59c8548222df2d13195ae36466ae5ce4a5917ca11,23,2026-09-12T19:04:27Z
data/raw/transfermarkt_pages/969_2019_transfers.html,969,Montpellier HSC,2019,https://www.transfermarkt.com/-/transfers/verein/969/saison_id/2019,182161,093b7c34f4f2d5798098980655a9a78cfdc1fab5e016bbb38700f49b35df2837,29,2026-09-12T19:04:33Z
data/raw/transfermarkt_pages/969_2020_transfers.html,969,Montpellier HSC,2020,https://www.transfermarkt.com/-/transfers/verein/969/saison_id/2020,157250,46dc9de9852e8b3257d5640035c135e823c1089cf674a1953e3843dffcf6e63a,16,2026-09-12T19:04:40Z
data/raw/transfermarkt_pages/969_2021_transfers.html,969,Montpellier HSC,2021,https://www.transfermarkt.com/-/transfers/verein/969/saison_id/2021,175963,02cd374a05ced73a10d9ebdab474d4b6a7a9c51303c9582448ff9a4120d382f5,26,2026-09-12T19:04:47Z
data/raw/transfermarkt_pages/969_2022_transfers.html,969,Montpellier HSC,2022,https://www.transfermarkt.com/-/transfers/verein/969/saison_id/2022,181955,8184a87323371d79fa564597fd5ebaf63da3ea719bf2d275f59ae91242827082,29,2026-09-12T19:04:53Z
data/raw/transfermarkt_pages/969_2023_transfers.html,969,Montpellier HSC,2023,https://www.transfermarkt.com/-/transfers/verein/969/saison_id/2023,179421,5502cefbfea6db59348eddc215beb9708650a78571dbd3e6f11b7434f0af7af5,28,2026-09-12T19:04:59Z
data/raw/transfermarkt_pages/1160_2017_transfers.html,1160,Nîmes Olympique,2017,https://www.transfermarkt.com/-/transfers/verein/1160/saison_id/2017,164956,188de1c098648d455199ad9dd33b140bdb8708a3387919a8250ab3e51a16f354,21,2026-09-12T19:05:04Z
data/raw/transfermarkt_pages/1160_2018_transfers.html,1160,Nîmes Olympique,2018,https://www.transfermarkt.com/-/transfers/verein/1160/saison_id/2018,165151,38918858a043a0daf2e91e76234728cfb021ad4c95036aeb74869847f458cb1f,21,2026-09-12T19:05:10Z
data/raw/transfermarkt_pages/1160_2019_transfers.html,1160,Nîmes Olympique,2019,https://www.transfermarkt.com/-/transfers/verein/1160/saison_id/2019,189797,2b61c285c0fd12308e277919368706abc6139fa68dc317bd86a21a5aa986eb4e,34,2026-09-12T19:05:17Z
data/raw/transfermarkt_pages/1160_2020_transfers.html,1160,Nîmes Olympique,2020,https://www.transfermarkt.com/-/transfers/verein/1160/saison_id/2020,160044,0324541335c5ec949daf13e8d038ce53a304158ecfb87a945cce0deaeb1e2e94,18,2026-09-12T19:05:23Z
data/raw/transfermarkt_pages/1160_2021_transfers.html,1160,Nîmes Olympique,2021,https://www.transfermarkt.com/-/transfers/verein/1160/saison_id/2021,179456,cacbb772d56797943897d07b79b55b6e582ff6b5cbb618a5441e927d748a990a,29,2026-09-12T19:05:30Z
data/raw/transfermarkt_pages/1160_2022_transfers.html,1160,Nîmes Olympique,2022,https://www.transfermarkt.com/-/transfers/verein/1160/saison_id/2022,190571,dc2ea7342ac84748f69981f81339950c4cf3157b90df201c1c2b6b511eab2da3,35,2026-09-12T19:05:37Z
data/raw/transfermarkt_pages/1160_2023_transfers.html,1160,Nîmes Olympique,2023,https://www.transfermarkt.com/-/transfers/verein/1160/saison_id/2023,198308,b73abe3d95a24636d07aabcc437376cbdb39b0204beb6959d4c5506d350e58b5,39,2026-09-12T19:05:43Z
data/raw/transfermarkt_pages/417_2017_transfers.html,417,OGC Nice,2017,https://www.transfermarkt.com/-/transfers/verein/417/saison_id/2017,190570,1919ca10e29e1602c914b671bb32490c8f1a56d75906b68dee3e3b7b80456242,34,2026-09-12T19:05:49Z
data/raw/transfermarkt_pages/417_2018_transfers.html,417,OGC Nice,2018,https://www.transfermarkt.com/-/transfers/verein/417/saison_id/2018,174199,da8b867e1e10633e12e70934f417708191f59189ea899d3daef337a76493d8d8,25,2026-09-12T19:05:56Z
data/raw/transfermarkt_pages/417_2019_transfers.html,417,OGC Nice,2019,https://www.transfermarkt.com/-/transfers/verein/417/saison_id/2019,185073,114eefac4c98f0a206f32ccbfe61b234e4afdd89516e5cf5afc9d464aaf37b8b,31,2026-09-12T19:06:02Z
data/raw/transfermarkt_pages/417_2020_transfers.html,417,OGC Nice,2020,https://www.transfermarkt.com/-/transfers/verein/417/saison_id/2020,221514,438e41dcd4620a9b877cc497889b6e7b3cac6df96289d5269b9628e34d9febf4,50,2026-09-12T19:06:07Z
data/raw/transfermarkt_pages/417_2021_transfers.html,417,OGC Nice,2021,https://www.transfermarkt.com/-/transfers/verein/417/saison_id/2021,211444,63cb84ad5e906dae11655c9aab7564232994a93690d15132685c78d83d70f66f,45,2026-09-12T19:06:13Z
data/raw/transfermarkt_pages/417_2022_transfers.html,417,OGC Nice,2022,https://www.transfermarkt.com/-/transfers/verein/417/saison_id/2022,234133,5aec05b3c4612d4e0a87a7d2a0c042e52fbb88cfc5fee937a3ed9695bdde1984,57,2026-09-12T19:06:20Z
data/raw/transfermarkt_pages/417_2023_transfers.html,417,OGC Nice,2023,https://www.transfermarkt.com/-/transfers/verein/417/saison_id/2023,210082,1073c263c8ee16d14356a2977beb40b0a709a84b67b4b92d7d5b310f3f792245,45,2026-09-12T19:06:26Z
data/raw/transfermarkt_pages/1041_2017_transfers.html,1041,Olympique Lyon,2017,https://www.transfermarkt.com/-/transfers/verein/1041/saison_id/2017,204613,925acec049f886b0ac0c2972accf5bc3fd16f8db7289fede488fdc853289159f,41,2026-09-12T19:06:33Z
data/raw/transfermarkt_pages/1041_2018_transfers.html,1041,Olympique Lyon,2018,https://www.transfermarkt.com/-/transfers/verein/1041/saison_id/2018,190071,bfd6b8570dfbdc33ea807c9876790b368139a247d9a757ea97e2ed49d4edb9d6,33,2026-09-12T19:06:40Z
data/raw/transfermarkt_pages/1041_2019_transfers.html,1041,Olympique Lyon,2019,https://www.transfermarkt.com/-/transfers/verein/1041/saison_id/2019,183437,60a51df4179bb974b8c023a74d1970b487b5fb86162897dec84c8c8e780e6891,30,2026-09-12T19:06:46Z
data/raw/transfermarkt_pages/1041_2020_transfers.html,1041,Olympique Lyon,2020,https://www.transfermarkt.com/-/transfers/verein/1041/saison_id/2020,190938,a42b87d204703b460eca256436684ee187f972269aba97073c8a52d3d7ada258,35,2026-09-12T19:06:52Z
data/raw/transfermarkt_pages/1041_2021_transfers.html,1041,Olympique Lyon,2021,https://www.transfermarkt.com/-/transfers/verein/1041/saison_id/2021,198531,e4514ebc9d35dc9e13d290a9888b8d65b2400677825542d1bb1cecf167e3d427,38,2026-09-12T19:06:58Z
data/raw/transfermarkt_pages/1041_2022_transfers.html,1041,Olympique Lyon,2022,https://www.transfermarkt.com/-/transfers/verein/1041/saison_id/2022,204577,7606e647c9c8ef42609ebc5b0fb7d5957f426f99984f2dd40b37334d4017f98e,41,2026-09-12T18:21:02Z
data/raw/transfermarkt_pages/1041_2023_transfers.html,1041,Olympique Lyon,2023,https://www.transfermarkt.com/-/transfers/verein/1041/saison_id/2023,246429,fc9a8ef52b581367f3fba0cb9f24a33530bcabed38cac456f82cc78fc42a033b,63,2026-09-12T19:07:03Z
data/raw/transfermarkt_pages/244_2017_transfers.html,244,Olympique Marseille,2017,https://www.transfermarkt.com/-/transfers/verein/244/saison_id/2017,201535,1494dd33f1254316ea98bc750dce0ff38029befe5265e53acf4941f1f77a1cd3,38,2026-09-12T19:07:11Z
data/raw/transfermarkt_pages/244_2018_transfers.html,244,Olympique Marseille,2018,https://www.transfermarkt.com/-/transfers/verein/244/saison_id/2018,171635,82100d8e94114d3fa351b7cc5c63cfb6a166f240e4a02565e83f39338ad7a799,22,2026-09-12T19:07:17Z
data/raw/transfermarkt_pages/244_2019_transfers.html,244,Olympique Marseille,2019,https://www.transfermarkt.com/-/transfers/verein/244/saison_id/2019,171236,2c205268ce9b4b9b5c2aa53e70add2df77476c5c1c9c16121cdc89272fe723c1,22,2026-09-12T19:07:24Z
data/raw/transfermarkt_pages/244_2020_transfers.html,244,Olympique Marseille,2020,https://www.transfermarkt.com/-/transfers/verein/244/saison_id/2020,170968,16eccdca9cff023c6475c68bdf63dc268ddb77c6fe84405bb86a82f30ce3f4f6,22,2026-09-12T19:07:30Z
data/raw/transfermarkt_pages/244_2021_transfers.html,244,Olympique Marseille,2021,https://www.transfermarkt.com/-/transfers/verein/244/saison_id/2021,203850,586ce90ab0f1776683b95d8aff54a5f6ff35edd8fa31cba41951c33707a62cba,40,2026-09-12T19:07:37Z
data/raw/transfermarkt_pages/244_2022_transfers.html,244,Olympique Marseille,2022,https://www.transfermarkt.com/-/transfers/verein/244/saison_id/2022,228590,7df94f443b08da7ad46ab4b88562f12f9d0ae55080d95e8d2672c607b605b711,54,2026-09-12T19:07:45Z
data/raw/transfermarkt_pages/244_2023_transfers.html,244,Olympique Marseille,2023,https://www.transfermarkt.com/-/transfers/verein/244/saison_id/2023,234526,f2b168f9dc5858462093c15ba839c0548743e0fdb1eeb1bf00b3f8b5aada279a,56,2026-09-12T19:07:51Z
data/raw/transfermarkt_pages/583_2017_transfers.html,583,Paris Saint-Germain,2017,https://www.transfermarkt.com/-/transfers/verein/583/saison_id/2017,171744,6e547ae7dc7f0e420149f0a06f725cee6196b1be9db643c88419b765ee8b2e9b,25,2026-09-12T19:07:58Z
data/raw/transfermarkt_pages/583_2018_transfers.html,583,Paris Saint-Germain,2018,https://www.transfermarkt.com/-/transfers/verein/583/saison_id/2018,198564,34a8b4e3a4d2a349f9f98a3daf4480ce9db2871b4f3faae889812c1710a88339,39,2026-09-12T19:08:05Z
data/raw/transfermarkt_pages/583_2019_transfers.html,583,Paris Saint-Germain,2019,https://www.transfermarkt.com/-/transfers/verein/583/saison_id/2019,198660,49f0d25adb0350f142e96ae9fb01caa82000a90b28391a54e10897be724b955f,39,2026-09-12T19:08:12Z
data/raw/transfermarkt_pages/583_2020_transfers.html,583,Paris Saint-Germain,2020,https://www.transfermarkt.com/-/transfers/verein/583/saison_id/2020,183702,0328913022fbbbea436b624fe2d5991c29a1211cd6d1974550f3282ac7f57760,31,2026-09-12T19:08:19Z
data/raw/transfermarkt_pages/583_2021_transfers.html,583,Paris Saint-Germain,2021,https://www.transfermarkt.com/-/transfers/verein/583/saison_id/2021,205586,aaa1611ae7584ea774ee10fbd97505dade41203b5ce78f0f3a15737bf9e0e81f,42,2026-09-12T19:08:25Z
data/raw/transfermarkt_pages/583_2022_transfers.html,583,Paris Saint-Germain,2022,https://www.transfermarkt.com/-/transfers/verein/583/saison_id/2022,239665,d4d2b86ecf10543258d1c958e711f51732e624fc1d463f63077f179985b25834,60,2026-09-12T19:08:31Z
data/raw/transfermarkt_pages/583_2023_transfers.html,583,Paris Saint-Germain,2023,https://www.transfermarkt.com/-/transfers/verein/583/saison_id/2023,248897,02eae3bf88401cc570acc7b87410d7358b7bebac6bb9fe22fea8f0de6e367d74,65,2026-09-12T19:08:37Z
data/raw/transfermarkt_pages/826_2017_transfers.html,826,RC Lens,2017,https://www.transfermarkt.com/-/transfers/verein/826/saison_id/2017,202362,867dd9344f5af3ec66b8199946903c1cd99bf2aa911172547d40b5182d67d6e6,40,2026-09-12T19:08:44Z
data/raw/transfermarkt_pages/826_2018_transfers.html,826,RC Lens,2018,https://www.transfermarkt.com/-/transfers/verein/826/saison_id/2018,214402,373b5b95c92b15eccad0378be8e94430740f695e3bbdc27a470677e70b7315a4,47,2026-09-12T19:08:50Z
data/raw/transfermarkt_pages/826_2019_transfers.html,826,RC Lens,2019,https://www.transfermarkt.com/-/transfers/verein/826/saison_id/2019,216111,024179f01b6fcb2d58ee8d4776299cdb1453ac257efb446db39b69d4740583a3,48,2026-09-12T19:08:56Z
data/raw/transfermarkt_pages/826_2020_transfers.html,826,RC Lens,2020,https://www.transfermarkt.com/-/transfers/verein/826/saison_id/2020,181395,2334da890b9bd216a0f98d41796d89a5f01b333424c0b7969321b861b65b0ae3,30,2026-09-12T19:09:02Z
data/raw/transfermarkt_pages/826_2021_transfers.html,826,RC Lens,2021,https://www.transfermarkt.com/-/transfers/verein/826/saison_id/2021,192240,bd277283612c9e6f81f7abffb3c997382f21498fa56d922942686930a34fbd5c,35,2026-09-12T19:09:09Z
data/raw/transfermarkt_pages/826_2022_transfers.html,826,RC Lens,2022,https://www.transfermarkt.com/-/transfers/verein/826/saison_id/2022,196502,fd41304779711bcfc382ff2ca0bbf8990b6caf8723d865ed6b3212d1425305ef,37,2026-09-12T19:09:16Z
data/raw/transfermarkt_pages/826_2023_transfers.html,826,RC Lens,2023,https://www.transfermarkt.com/-/transfers/verein/826/saison_id/2023,185871,e73f0864d763c8cd8a79edace7467aa9138d5c55673dc2d3f2de5c56b011efdc,31,2026-09-12T19:09:22Z
data/raw/transfermarkt_pages/667_2017_transfers.html,667,RC Strasbourg Alsace,2017,https://www.transfermarkt.com/-/transfers/verein/667/saison_id/2017,182416,ef6b3347b80ccb4d622f92f738b3c3f686310e27d8c5baacd09fed29a80d0973,29,2026-09-12T19:09:28Z
data/raw/transfermarkt_pages/667_2018_transfers.html,667,RC Strasbourg Alsace,2018,https://www.transfermarkt.com/-/transfers/verein/667/saison_id/2018,181366,e64b797fc9b3f936bfbf690d91a0c7f765fee8c68d5c3acaef5d1c754d608356,28,2026-09-12T19:09:35Z
data/raw/transfermarkt_pages/667_2019_transfers.html,667,RC Strasbourg Alsace,2019,https://www.transfermarkt.com/-/transfers/verein/667/saison_id/2019,167457,aca2fb1dcabb6756fb30ab597006426832aeb8284343029161c7def267d97050,20,2026-09-12T19:09:41Z
data/raw/transfermarkt_pages/667_2020_transfers.html,667,RC Strasbourg Alsace,2020,https://www.transfermarkt.com/-/transfers/verein/667/saison_id/2020,152110,8f4da2f464b945e76cd84b65aa7d34ab373b485264d6198dcffe564a00a4db0d,13,2026-09-12T19:09:47Z
data/raw/transfermarkt_pages/667_2021_transfers.html,667,RC Strasbourg Alsace,2021,https://www.transfermarkt.com/-/transfers/verein/667/saison_id/2021,190089,5f8161819af4e7ae502b7c547d343341a069900dfc7a2ab480a6f8e6494001dc,33,2026-09-12T19:09:54Z
data/raw/transfermarkt_pages/667_2022_transfers.html,667,RC Strasbourg Alsace,2022,https://www.transfermarkt.com/-/transfers/verein/667/saison_id/2022,194097,5901bbdca8b43e0557dbabf1d0672ac946b41cc0a0192f965c0adb9608adfa80,35,2026-09-12T19:10:01Z
data/raw/transfermarkt_pages/667_2023_transfers.html,667,RC Strasbourg Alsace,2023,https://www.transfermarkt.com/-/transfers/verein/667/saison_id/2023,200511,576122de445f5dd16b05bb8d0e05bc632cf6e2568dd8c6481aa489908f1e34bf,39,2026-09-12T19:10:07Z
data/raw/transfermarkt_pages/1162_2017_transfers.html,1162,SM Caen,2017,https://www.transfermarkt.com/-/transfers/verein/1162/saison_id/2017,180968,08888ce6e7270887365316162fccd347661ce6cee7890649254975be92455e9f,32,2026-09-12T19:10:12Z
data/raw/transfermarkt_pages/1162_2018_transfers.html,1162,SM Caen,2018,https://www.transfermarkt.com/-/transfers/verein/1162/saison_id/2018,216519,44c9a6f980f887058d393dfb689029c224aca1b871c105482ddd8d491da9bf02,51,2026-09-12T19:10:18Z
data/raw/transfermarkt_pages/1162_2019_transfers.html,1162,SM Caen,2019,https://www.transfermarkt.com/-/transfers/verein/1162/saison_id/2019,217896,631dd461e7c244a2444254f2a66da9af76ac59f6edb6da61b89f8c0ebc505d35,52,2026-09-12T19:10:24Z
data/raw/transfermarkt_pages/1162_2020_transfers.html,1162,SM Caen,2020,https://www.transfermarkt.com/-/transfers/verein/1162/saison_id/2020,183236,db08ffe9a3693d8c6f01a0a88b33f727bcfdee9f77b7a0a5a77fceb415f2b1fe,33,2026-09-12T19:10:30Z
data/raw/transfermarkt_pages/1162_2021_transfers.html,1162,SM Caen,2021,https://www.transfermarkt.com/-/transfers/verein/1162/saison_id/2021,196700,d760ac381b323096fe1f5899ddab0063f99622b8c94a0a7db23431e9a1ac4424,40,2026-09-12T19:10:35Z
data/raw/transfermarkt_pages/1162_2022_transfers.html,1162,SM Caen,2022,https://www.transfermarkt.com/-/transfers/verein/1162/saison_id/2022,197772,12ee344fb05e04ec460aab84c346cad219278844c636bdecc0e73c0e8fe986fd,40,2026-09-12T19:10:42Z
data/raw/transfermarkt_pages/1162_2023_transfers.html,1162,SM Caen,2023,https://www.transfermarkt.com/-/transfers/verein/1162/saison_id/2023,203414,55de43a6351aa9e34b64b41aa183f8319c63bb47bc5f720874580d62552d9217,44,2026-09-12T19:10:47Z
data/raw/transfermarkt_pages/3911_2017_transfers.html,3911,Stade Brestois 29,2017,https://www.transfermarkt.com/-/transfers/verein/3911/saison_id/2017,172438,da980d2fc2921b107e9c768ddd8e303d45b438f449d0fac216df48903a1f6762,28,2026-09-12T19:10:54Z
data/raw/transfermarkt_pages/3911_2018_transfers.html,3911,Stade Brestois 29,2018,https://www.transfermarkt.com/-/transfers/verein/3911/saison_id/2018,165103,ddd9146ce6fa385a66c9347008c2a4faffd315bbeba98379dde8af8cd6580105,24,2026-09-12T19:11:00Z
data/raw/transfermarkt_pages/3911_2019_transfers.html,3911,Stade Brestois 29,2019,https://www.transfermarkt.com/-/transfers/verein/3911/saison_id/2019,167314,ea703153bb6453318d72c9113e5888ba59765f5f96c4c2e52b3927f476262492,26,2026-09-12T19:11:06Z
data/raw/transfermarkt_pages/3911_2020_transfers.html,3911,Stade Brestois 29,2020,https://www.transfermarkt.com/-/transfers/verein/3911/saison_id/2020,178225,0d926ea3db192eff2b69e9ba7f144ae8202d3fea7ba83e20b2102c43cd72423c,31,2026-09-12T19:11:12Z
data/raw/transfermarkt_pages/3911_2021_transfers.html,3911,Stade Brestois 29,2021,https://www.transfermarkt.com/-/transfers/verein/3911/saison_id/2021,172655,8dec64ed2782ea989b23da7add68581eafbfe10db34a1593afe6061a276f9ce8,29,2026-09-12T19:11:18Z
data/raw/transfermarkt_pages/3911_2022_transfers.html,3911,Stade Brestois 29,2022,https://www.transfermarkt.com/-/transfers/verein/3911/saison_id/2022,190520,cbcd9989af76de2d28b0b163a68f6cd6717f903f5519d5ca3e6c22e55eaa8a1f,38,2026-09-12T19:11:24Z
data/raw/transfermarkt_pages/3911_2023_transfers.html,3911,Stade Brestois 29,2023,https://www.transfermarkt.com/-/transfers/verein/3911/saison_id/2023,179019,cd2d0b9097bc3ac91e7f67eba2663c82ab0c81733d837ae68423f5255e586670,32,2026-09-12T19:11:29Z
data/raw/transfermarkt_pages/1421_2017_transfers.html,1421,Stade Reims,2017,https://www.transfermarkt.com/-/transfers/verein/1421/saison_id/2017,187672,49f805a1ffdc5486f9ce71472aacadc58d12a2d99fa6344e114c1ac781231507,33,2026-09-12T19:11:36Z
data/raw/transfermarkt_pages/1421_2018_transfers.html,1421,Stade Reims,2018,https://www.transfermarkt.com/-/transfers/verein/1421/saison_id/2018,181225,b072f836ac7e47b3f94a81d54a2c7515b95627a202877e058eff6054664ffba8,29,2026-09-12T19:11:43Z
data/raw/transfermarkt_pages/1421_2019_transfers.html,1421,Stade Reims,2019,https://www.transfermarkt.com/-/transfers/verein/1421/saison_id/2019,199513,f45a7401e16374d73d0b417e5e1f49037f331738c81ac5cd6d1b19441161311d,39,2026-09-12T19:11:50Z
data/raw/transfermarkt_pages/1421_2020_transfers.html,1421,Stade Reims,2020,https://www.transfermarkt.com/-/transfers/verein/1421/saison_id/2020,169392,2a7c3fcb6ae218fab6545c111a9f89c12170ea47b4047fa49c5fdee6378a73c8,22,2026-09-12T19:11:57Z
data/raw/transfermarkt_pages/1421_2021_transfers.html,1421,Stade Reims,2021,https://www.transfermarkt.com/-/transfers/verein/1421/saison_id/2021,194846,1e30db61c8e57efa4a1f9ccf04dd9a302c3dcb6fbfbf574a8b89a3a24ae6344f,36,2026-09-12T19:12:04Z
data/raw/transfermarkt_pages/1421_2022_transfers.html,1421,Stade Reims,2022,https://www.transfermarkt.com/-/transfers/verein/1421/saison_id/2022,227051,1ad92ca62988b79afb6f486bfbf919c145edbbf2fbead6d0533c87fa0cfa4fa1,53,2026-09-12T19:12:10Z
data/raw/transfermarkt_pages/1421_2023_transfers.html,1421,Stade Reims,2023,https://www.transfermarkt.com/-/transfers/verein/1421/saison_id/2023,242704,c30d112b7f3212a8af54f507b5c48678766a47a2b40263a3a375ed8c01442752,61,2026-09-12T19:12:16Z
data/raw/transfermarkt_pages/273_2017_transfers.html,273,Stade Rennais FC,2017,https://www.transfermarkt.com/-/transfers/verein/273/saison_id/2017,203798,100bd8482d18efdb041302c5156647774657b4753eeef5d421c9575c11d014d9,41,2026-09-12T19:12:23Z
data/raw/transfermarkt_pages/273_2018_transfers.html,273,Stade Rennais FC,2018,https://www.transfermarkt.com/-/transfers/verein/273/saison_id/2018,190956,bcb5a1794980e764a4359535c537ec3a894115fab93e3668f6a5cb2e64ad60bf,34,2026-09-12T19:12:29Z
data/raw/transfermarkt_pages/273_2019_transfers.html,273,Stade Rennais FC,2019,https://www.transfermarkt.com/-/transfers/verein/273/saison_id/2019,208433,486c49465384d7d94b47e80edab59abee551abbd2aab11ef9ce229a63876d051,43,2026-09-12T19:12:34Z
data/raw/transfermarkt_pages/273_2020_transfers.html,273,Stade Rennais FC,2020,https://www.transfermarkt.com/-/transfers/verein/273/saison_id/2020,197497,58eba5abb27d0a3d4d3183a7eec4d233ffb1ea6c7995fbcdd5a45af4cbbee229,37,2026-09-12T19:12:42Z
data/raw/transfermarkt_pages/273_2021_transfers.html,273,Stade Rennais FC,2021,https://www.transfermarkt.com/-/transfers/verein/273/saison_id/2021,210809,c12b84a0779610717d784ab421f9e4e07fe82760310f34313ea53ca60b130297,44,2026-09-12T19:12:48Z
data/raw/transfermarkt_pages/273_2022_transfers.html,273,Stade Rennais FC,2022,https://www.transfermarkt.com/-/transfers/verein/273/saison_id/2022,206865,1e59321949550f1eb7d151b755fc461b9e0c4db7dbb540138b2907277d2697a2,42,2026-09-12T19:12:55Z
data/raw/transfermarkt_pages/273_2023_transfers.html,273,Stade Rennais FC,2023,https://www.transfermarkt.com/-/transfers/verein/273/saison_id/2023,214922,a22a92efd1c937d5ceb12abc8f540b1eacc023d36cd2617bf3bd8a6fc60c692d,47,2026-09-12T19:13:02Z
data/raw/transfermarkt_pages/2036_2017_transfers.html,2036,1. Fußballclub Heidenheim 1846,2017,https://www.transfermarkt.com/-/transfers/verein/2036/saison_id/2017,148914,4e51d65aca83ba741139788f3c771052e44742ea23ed7317cc8fc424bae9dcff,16,2026-09-12T19:13:08Z
data/raw/transfermarkt_pages/2036_2018_transfers.html,2036,1. Fußballclub Heidenheim 1846,2018,https://www.transfermarkt.com/-/transfers/verein/2036/saison_id/2018,152629,9f086cac0c515654fd673cf4dc4f9d77f7a7cc051dfbb268d8cd4a86cf17ae17,18,2026-09-12T19:13:15Z
data/raw/transfermarkt_pages/2036_2019_transfers.html,2036,1. Fußballclub Heidenheim 1846,2019,https://www.transfermarkt.com/-/transfers/verein/2036/saison_id/2019,166987,09448d6f71ed3f08c351fab356e04fc7501d3b5d73951c26179d39ddc8e31707,26,2026-09-12T19:13:23Z
data/raw/transfermarkt_pages/2036_2020_transfers.html,2036,1. Fußballclub Heidenheim 1846,2020,https://www.transfermarkt.com/-/transfers/verein/2036/saison_id/2020,165432,44062e97d0ec63c4b9ea1bc87328ae3974dac65e44d1080efd3ede5747aebf42,25,2026-09-12T19:13:30Z
data/raw/transfermarkt_pages/2036_2021_transfers.html,2036,1. Fußballclub Heidenheim 1846,2021,https://www.transfermarkt.com/-/transfers/verein/2036/saison_id/2021,152413,e9b697e2812796f8acafa6a6f4e2fbf0db40beacd9d164fdb09ee550456ebf01,18,2026-09-12T19:13:36Z
data/raw/transfermarkt_pages/2036_2022_transfers.html,2036,1. Fußballclub Heidenheim 1846,2022,https://www.transfermarkt.com/-/transfers/verein/2036/saison_id/2022,150981,5d72eb1d821a030e9d3158e284d469a22fae132c67917d492e90926e4a0340ec,17,2026-09-12T19:13:42Z
data/raw/transfermarkt_pages/2036_2023_transfers.html,2036,1. Fußballclub Heidenheim 1846,2023,https://www.transfermarkt.com/-/transfers/verein/2036/saison_id/2023,150912,04913461fd11ee4c8cfc68742fa2691f648de0931ed0b9298f020a420962f68c,17,2026-09-12T19:13:48Z
data/raw/transfermarkt_pages/3_2017_transfers.html,3,1.FC Köln,2017,https://www.transfermarkt.com/-/transfers/verein/3/saison_id/2017,151246,44f463f14cd13d3176bbee206f21b985bea78221a6254b25afa2fefa7a499b67,15,2026-09-12T19:13:55Z
data/raw/transfermarkt_pages/3_2018_transfers.html,3,1.FC Köln,2018,https://www.transfermarkt.com/-/transfers/verein/3/saison_id/2018,176668,62e07151400dd8e9ab7ae3ede35e8d1df3e1a9099a61114f33cb99b56ec7b7b9,29,2026-09-12T19:14:02Z
data/raw/transfermarkt_pages/3_2019_transfers.html,3,1.FC Köln,2019,https://www.transfermarkt.com/-/transfers/verein/3/saison_id/2019,189892,1d33fc59330e551de5b075bbf545398c265fbaafa78fc4fa669c3ce8fa0a2bd7,36,2026-09-12T19:14:10Z
data/raw/transfermarkt_pages/3_2020_transfers.html,3,1.FC Köln,2020,https://www.transfermarkt.com/-/transfers/verein/3/saison_id/2020,197391,5557a9628ac6e4d8166e40981186ffbb67e6a81990d7aed99d6a32f435fcb933,40,2026-09-12T19:14:16Z
data/raw/transfermarkt_pages/3_2021_transfers.html,3,1.FC Köln,2021,https://www.transfermarkt.com/-/transfers/verein/3/saison_id/2021,207380,3b74321c008b20e5bfbe343a09064bfd714069b13fb42f54259feba780eb8938,45,2026-09-12T19:14:23Z
data/raw/transfermarkt_pages/3_2022_transfers.html,3,1.FC Köln,2022,https://www.transfermarkt.com/-/transfers/verein/3/saison_id/2022,176194,587fc7d968f4ad1c7e1b4c72a374f4bf654f3fc903a388047affae86968111d7,28,2026-09-12T19:14:29Z
data/raw/transfermarkt_pages/3_2023_transfers.html,3,1.FC Köln,2023,https://www.transfermarkt.com/-/transfers/verein/3/saison_id/2023,182313,5a92a6adaf6f9a227871b46953199ebe3a461a3d02f8667cad41f8302a100546,32,2026-09-12T19:14:35Z
data/raw/transfermarkt_pages/4_2017_transfers.html,4,1.FC Nuremberg,2017,https://www.transfermarkt.com/-/transfers/verein/4/saison_id/2017,182946,641ba9c9919e8ea39738cd354ebf65ab928cda2cd0db53ae1eba6dcfba45f17e,30,2026-09-12T19:14:41Z
data/raw/transfermarkt_pages/4_2018_transfers.html,4,1.FC Nuremberg,2018,https://www.transfermarkt.com/-/transfers/verein/4/saison_id/2018,165377,ce0dfa445d8312917108005c9c4cbdf93228b6f29c758579967bbedd68774632,20,2026-09-12T19:14:48Z
data/raw/transfermarkt_pages/4_2019_transfers.html,4,1.FC Nuremberg,2019,https://www.transfermarkt.com/-/transfers/verein/4/saison_id/2019,201504,9fa36a3e1a267ad0f72203b8621be5754029d7b10fea350017e4864e10c45093,40,2026-09-12T19:14:55Z
data/raw/transfermarkt_pages/4_2020_transfers.html,4,1.FC Nuremberg,2020,https://www.transfermarkt.com/-/transfers/verein/4/saison_id/2020,185809,fd114173a473b1b15c0ebc150b38c858b7e99f94a09721f93161acf7799b01c0,31,2026-09-12T19:15:02Z
data/raw/transfermarkt_pages/4_2021_transfers.html,4,1.FC Nuremberg,2021,https://www.transfermarkt.com/-/transfers/verein/4/saison_id/2021,179792,b1bd0df7b0687a947ec28c2ae496d6931670cb902af33b5b17dfa8f05540445e,28,2026-09-12T19:15:08Z
data/raw/transfermarkt_pages/4_2022_transfers.html,4,1.FC Nuremberg,2022,https://www.transfermarkt.com/-/transfers/verein/4/saison_id/2022,192889,75d459c021ca4820c0856edd8909e8555d5bd1fb89642b7c53502729d5a23568,35,2026-09-12T19:15:16Z
data/raw/transfermarkt_pages/4_2023_transfers.html,4,1.FC Nuremberg,2023,https://www.transfermarkt.com/-/transfers/verein/4/saison_id/2023,205335,cd812cad99957cdbf8a2d1fdbf564cae71e14576dfe2fea5161a748d4c09dfda,41,2026-09-12T19:15:22Z
data/raw/transfermarkt_pages/89_2017_transfers.html,89,1.FC Union Berlin,2017,https://www.transfermarkt.com/-/transfers/verein/89/saison_id/2017,178397,70e23d9f57d79b192b544e19fb01750ebf9dba356bcb5214d4e1a9ba0a927f64,29,2026-09-12T19:15:28Z
data/raw/transfermarkt_pages/89_2018_transfers.html,89,1.FC Union Berlin,2018,https://www.transfermarkt.com/-/transfers/verein/89/saison_id/2018,173992,7993a90efcd91db57a976440430d31171aea5de236494548c5b88470cd5c87da,26,2026-09-12T19:15:35Z
data/raw/transfermarkt_pages/89_2019_transfers.html,89,1.FC Union Berlin,2019,https://www.transfermarkt.com/-/transfers/verein/89/saison_id/2019,198083,12113b14509dac50d74172ca4fe74c91d07cb39ef6c4c67876a2c2b2b94ec8a0,39,2026-09-12T19:15:42Z
data/raw/transfermarkt_pages/89_2020_transfers.html,89,1.FC Union Berlin,2020,https://www.transfermarkt.com/-/transfers/verein/89/saison_id/2020,211964,ccc796964abcd742678e90784951a0a78a283a18fab73fb8c763c9f1e1f0cae0,47,2026-09-12T19:15:48Z
data/raw/transfermarkt_pages/89_2021_transfers.html,89,1.FC Union Berlin,2021,https://www.transfermarkt.com/-/transfers/verein/89/saison_id/2021,216614,83645ecaf86bf8a39d14edd6cd1da3fd055b557d95d0aa1fa195da5889b13c56,49,2026-09-12T19:15:54Z
data/raw/transfermarkt_pages/89_2022_transfers.html,89,1.FC Union Berlin,2022,https://www.transfermarkt.com/-/transfers/verein/89/saison_id/2022,206404,2557d4fa138f836f0fe83236ffc95dce80e363c4714d113beb2d77405052d5a3,43,2026-09-12T19:16:01Z
data/raw/transfermarkt_pages/89_2023_transfers.html,89,1.FC Union Berlin,2023,https://www.transfermarkt.com/-/transfers/verein/89/saison_id/2023,226836,a71f06c26c3cff7605278a4b74de47e5d87790d6a99da6fe85ce1cc4cc65c1c7,55,2026-09-12T19:16:07Z
data/raw/transfermarkt_pages/39_2017_transfers.html,39,1.FSV Mainz 05,2017,https://www.transfermarkt.com/-/transfers/verein/39/saison_id/2017,185820,7ed6d64f52a4fafc8ddcd39b42d219f70d886a73cf91536ede50149f5d869b74,33,2026-09-12T19:16:14Z
data/raw/transfermarkt_pages/39_2018_transfers.html,39,1.FSV Mainz 05,2018,https://www.transfermarkt.com/-/transfers/verein/39/saison_id/2018,183738,0b36ee95d3beb02bfc8672f38d1b9caa20b8152a190b5d5ddba460a5589fe896,31,2026-09-12T19:16:19Z
data/raw/transfermarkt_pages/39_2019_transfers.html,39,1.FSV Mainz 05,2019,https://www.transfermarkt.com/-/transfers/verein/39/saison_id/2019,181066,f4063480b0b239009512ed043c97c1458f9c4ff3935100f1e21a8537d514e2fc,31,2026-09-12T19:16:26Z
data/raw/transfermarkt_pages/39_2020_transfers.html,39,1.FSV Mainz 05,2020,https://www.transfermarkt.com/-/transfers/verein/39/saison_id/2020,178705,e871eb5f349468a1f7dd59309ce789fe6f5bd00ca1f836ced00e1f83b87ad10a,29,2026-09-12T19:16:33Z
data/raw/transfermarkt_pages/39_2021_transfers.html,39,1.FSV Mainz 05,2021,https://www.transfermarkt.com/-/transfers/verein/39/saison_id/2021,187838,58802a7789ac94c590607b49756f20d46997a72581902e74e5c7ac61c7376e86,34,2026-09-12T19:16:39Z
data/raw/transfermarkt_pages/39_2022_transfers.html,39,1.FSV Mainz 05,2022,https://www.transfermarkt.com/-/transfers/verein/39/saison_id/2022,205148,b5ab90d9210172c326b536f84cbc837dc13cf9ddce7d83cb2aad3cd149f145d6,43,2026-09-12T19:16:46Z
data/raw/transfermarkt_pages/39_2023_transfers.html,39,1.FSV Mainz 05,2023,https://www.transfermarkt.com/-/transfers/verein/39/saison_id/2023,182187,0f1b2f29a9c939256ebc61c650538cade9c894df758d9050dfc36c0d1ab123f3,31,2026-09-12T19:16:52Z
data/raw/transfermarkt_pages/10_2017_transfers.html,10,Arminia Bielefeld,2017,https://www.transfermarkt.com/-/transfers/verein/10/saison_id/2017,172120,88f48cfb30cc346fd6906be65f6ba8d6e7bbdac7add16e724bca534d0815d19a,25,2026-09-12T19:17:00Z
data/raw/transfermarkt_pages/10_2018_transfers.html,10,Arminia Bielefeld,2018,https://www.transfermarkt.com/-/transfers/verein/10/saison_id/2018,175884,eefe2c88a9ad0c120f9c80101adb685afa94b0396fe4f6f571541262ba9bdd77,27,2026-09-12T19:17:06Z
data/raw/transfermarkt_pages/10_2019_transfers.html,10,Arminia Bielefeld,2019,https://www.transfermarkt.com/-/transfers/verein/10/saison_id/2019,173891,9cb1fbe62c3deaa306841a45bbe0992958a4c89858e61be5359ecf20b48b3af5,26,2026-09-12T19:17:13Z
data/raw/transfermarkt_pages/10_2020_transfers.html,10,Arminia Bielefeld,2020,https://www.transfermarkt.com/-/transfers/verein/10/saison_id/2020,183203,3e8ef3df69acc0e5519245d21fd00a1a9d08f050e68bca42c80fc925823ef60c,31,2026-09-12T19:17:19Z
data/raw/transfermarkt_pages/10_2021_transfers.html,10,Arminia Bielefeld,2021,https://www.transfermarkt.com/-/transfers/verein/10/saison_id/2021,216498,ad549f84cced77226d7bc63d0b29e049c99abff379990828ec4cf678ddf7734d,49,2026-09-12T19:17:25Z
data/raw/transfermarkt_pages/10_2022_transfers.html,10,Arminia Bielefeld,2022,https://www.transfermarkt.com/-/transfers/verein/10/saison_id/2022,203841,9404e17e02691583fb9fb76916b1522d3ccecc816aa5c1af16c410be82ab476e,42,2026-09-12T19:17:31Z
data/raw/transfermarkt_pages/10_2023_transfers.html,10,Arminia Bielefeld,2023,https://www.transfermarkt.com/-/transfers/verein/10/saison_id/2023,227710,008fcc41a1f8ada042aa4831d4c9075f18643d8bba3043027f24ebe1fda631c2,55,2026-09-12T19:17:37Z
data/raw/transfermarkt_pages/15_2017_transfers.html,15,Bayer 04 Leverkusen,2017,https://www.transfermarkt.com/-/transfers/verein/15/saison_id/2017,185650,1fd12d8ead1361913ef57a976b36e9f9f59968da537bf853a00ea30b2dd1249a,32,2026-09-12T19:17:43Z
data/raw/transfermarkt_pages/15_2018_transfers.html,15,Bayer 04 Leverkusen,2018,https://www.transfermarkt.com/-/transfers/verein/15/saison_id/2018,159218,919fb3295f68405d9ed5ce0b33b17a8774009abdd2516daf72dda3bffe8e1dd8,18,2026-09-12T19:17:50Z
data/raw/transfermarkt_pages/15_2019_transfers.html,15,Bayer 04 Leverkusen,2019,https://www.transfermarkt.com/-/transfers/verein/15/saison_id/2019,161729,e72cf2b6061f91d8712d9f5ace2f154a9bd85d5c8cac2f8b959de73fbe291851,19,2026-09-12T19:17:55Z
data/raw/transfermarkt_pages/15_2020_transfers.html,15,Bayer 04 Leverkusen,2020,https://www.transfermarkt.com/-/transfers/verein/15/saison_id/2020,163411,08396e7b66bc2357a6716112d7014cf88bfa5458ed0aa2574735010bc25b3e08,20,2026-09-12T19:18:01Z
data/raw/transfermarkt_pages/15_2021_transfers.html,15,Bayer 04 Leverkusen,2021,https://www.transfermarkt.com/-/transfers/verein/15/saison_id/2021,177703,418a3811f92e07a1b0c97c8f094ea102ab6969380d5afc26546c0fe28088dc66,28,2026-09-12T19:18:07Z
data/raw/transfermarkt_pages/15_2022_transfers.html,15,Bayer 04 Leverkusen,2022,https://www.transfermarkt.com/-/transfers/verein/15/saison_id/2022,169971,4b9d8b3b3476286f2516cfcc66dee88d0186a7bec0bebf93fa6084871e6fd0c4,23,2026-09-12T19:18:12Z
data/raw/transfermarkt_pages/15_2023_transfers.html,15,Bayer 04 Leverkusen,2023,https://www.transfermarkt.com/-/transfers/verein/15/saison_id/2023,180131,d3f25cd0a287dd9d440916273894fed2548d358ffe7cd39c5773c540a523c6e9,29,2026-09-12T19:18:18Z
data/raw/transfermarkt_pages/27_2017_transfers.html,27,Bayern Munich,2017,https://www.transfermarkt.com/-/transfers/verein/27/saison_id/2017,176538,ff7a2ef8c434424d887dfc8a9501a353aa4f86120cdc647115536fc9d4e0fbb2,25,2026-09-12T19:18:25Z
data/raw/transfermarkt_pages/27_2018_transfers.html,27,Bayern Munich,2018,https://www.transfermarkt.com/-/transfers/verein/27/saison_id/2018,158813,1dc0bf80114431dfb8f8857e8f4f9400e6bc6f82a92eb59ce9a5ec807a504d76,15,2026-09-12T19:18:32Z
data/raw/transfermarkt_pages/27_2019_transfers.html,27,Bayern Munich,2019,https://www.transfermarkt.com/-/transfers/verein/27/saison_id/2019,164214,5994046a68d13511e3150d6913d852ee4ebd848add7930bd3285663690669e70,18,2026-09-12T19:18:40Z
data/raw/transfermarkt_pages/27_2020_transfers.html,27,Bayern Munich,2020,https://www.transfermarkt.com/-/transfers/verein/27/saison_id/2020,179081,bc2d720d937bb3276079e58a893c528520c1b4744e5ef3c64e6c5b0c2657bc2c,25,2026-09-12T19:18:47Z
data/raw/transfermarkt_pages/27_2021_transfers.html,27,Bayern Munich,2021,https://www.transfermarkt.com/-/transfers/verein/27/saison_id/2021,183315,d7ef3fe1aac2a22947d0e6dfe02138281a1c920240c3ba530d98e335b380da7f,28,2026-09-12T19:18:54Z
data/raw/transfermarkt_pages/27_2022_transfers.html,27,Bayern Munich,2022,https://www.transfermarkt.com/-/transfers/verein/27/saison_id/2022,193485,c691931a9e21ad68e5f907f21364b734d65fa5ec4f59bb12f04d20403baf4961,33,2026-09-12T19:19:01Z
data/raw/transfermarkt_pages/27_2023_transfers.html,27,Bayern Munich,2023,https://www.transfermarkt.com/-/transfers/verein/27/saison_id/2023,193670,1014d45ac70275f72bde17f8f30da56506e2015e76d3a8b7dcaaa980dfbcaed9,33,2026-09-12T19:19:08Z
data/raw/transfermarkt_pages/16_2017_transfers.html,16,Borussia Dortmund,2017,https://www.transfermarkt.com/-/transfers/verein/16/saison_id/2017,185402,ff84a5a6cbd1db58511b2f6ff213754fb1440afef8210b28587aefd340d40cd5,30,2026-09-12T19:19:13Z
data/raw/transfermarkt_pages/16_2018_transfers.html,16,Borussia Dortmund,2018,https://www.transfermarkt.com/-/transfers/verein/16/saison_id/2018,186259,4144f09947cf2be5993bdc69d4a8a147904cdd59d7a9139a99279f17fb6e3cc3,31,2026-09-12T19:19:19Z
data/raw/transfermarkt_pages/16_2019_transfers.html,16,Borussia Dortmund,2019,https://www.transfermarkt.com/-/transfers/verein/16/saison_id/2019,189756,6802a7db6a4f807f0c51b9e5e7499d5d90ec0bb7eed640aaed70c5b125720528,33,2026-09-12T19:19:26Z
data/raw/transfermarkt_pages/16_2020_transfers.html,16,Borussia Dortmund,2020,https://www.transfermarkt.com/-/transfers/verein/16/saison_id/2020,169927,9945587be49eb0b7647bb2e5c83a97cfb6648391210de3c2d4a4c39f7e0ee66b,22,2026-09-12T19:19:31Z
data/raw/transfermarkt_pages/16_2021_transfers.html,16,Borussia Dortmund,2021,https://www.transfermarkt.com/-/transfers/verein/16/saison_id/2021,165343,9fb88a7b27ac32409bbf3bb7e7574467fbaecc22d22bb48ff04b95bb38e80670,19,2026-09-12T19:19:39Z
data/raw/transfermarkt_pages/16_2022_transfers.html,16,Borussia Dortmund,2022,https://www.transfermarkt.com/-/transfers/verein/16/saison_id/2022,170498,288c2ec4c9647d2b19700daebdfb4d1ac10edac267e16699ae48b565030628a4,23,2026-09-12T19:19:46Z
data/raw/transfermarkt_pages/16_2023_transfers.html,16,Borussia Dortmund,2023,https://www.transfermarkt.com/-/transfers/verein/16/saison_id/2023,169367,02fb0d8066785177252f3c7aeac847f33a7cae73ff9709acec57b1ce3c3075ac,22,2026-09-12T19:19:51Z
data/raw/transfermarkt_pages/18_2017_transfers.html,18,Borussia Mönchengladbach,2017,https://www.transfermarkt.com/-/transfers/verein/18/saison_id/2017,170179,599445941a6e7c87e88f4cb377cb1b50ac519e27176403a3ecc2545e1a1061b2,23,2026-09-12T19:19:58Z
data/raw/transfermarkt_pages/18_2018_transfers.html,18,Borussia Mönchengladbach,2018,https://www.transfermarkt.com/-/transfers/verein/18/saison_id/2018,166027,8a9ed789e29c88511c2a39d36919742edb2b352a73e430de7c3f88b46f6f2a14,21,2026-09-12T19:20:04Z
data/raw/transfermarkt_pages/18_2019_transfers.html,18,Borussia Mönchengladbach,2019,https://www.transfermarkt.com/-/transfers/verein/18/saison_id/2019,154833,9398e81b2d6a99d73bbd32822445a6f1bdba1f0edf48fb6241062494c74e3ce7,15,2026-09-12T19:20:11Z
data/raw/transfermarkt_pages/18_2020_transfers.html,18,Borussia Mönchengladbach,2020,https://www.transfermarkt.com/-/transfers/verein/18/saison_id/2020,165960,375019eb91bed32ee8dd67fad5cd0ecab3d63a796574530a283c3d65c3e1494a,21,2026-09-12T19:20:16Z
data/raw/transfermarkt_pages/18_2021_transfers.html,18,Borussia Mönchengladbach,2021,https://www.transfermarkt.com/-/transfers/verein/18/saison_id/2021,173255,c2609f31fc395d8f64609ddf963fa20eb12a4a5c23991aa556000771de37452a,25,2026-09-12T19:20:23Z
data/raw/transfermarkt_pages/18_2022_transfers.html,18,Borussia Mönchengladbach,2022,https://www.transfermarkt.com/-/transfers/verein/18/saison_id/2022,175358,d73997aa39fd0ec13a9cfe5a35e817961a6312e895ea13764ce9e81194a91835,26,2026-09-12T19:20:30Z
data/raw/transfermarkt_pages/18_2023_transfers.html,18,Borussia Mönchengladbach,2023,https://www.transfermarkt.com/-/transfers/verein/18/saison_id/2023,175571,16df674b507f98ec36bfbdde0889c57349a7046c012ca3593e7f73d663bb3006,26,2026-09-12T19:20:38Z
data/raw/transfermarkt_pages/24_2017_transfers.html,24,Eintracht Frankfurt,2017,https://www.transfermarkt.com/-/transfers/verein/24/saison_id/2017,186647,8e4cb19454ac43637d789775db680952fa53d08f55bf1addbf321d065e6fa435,30,2026-09-12T19:20:45Z
data/raw/transfermarkt_pages/24_2018_transfers.html,24,Eintracht Frankfurt,2018,https://www.transfermarkt.com/-/transfers/verein/24/saison_id/2018,217443,3dbd3c371ceb299d77ce4e3b92c533eb5486c184097c90ddbdece09b03783c28,47,2026-09-12T19:20:51Z
data/raw/transfermarkt_pages/24_2019_transfers.html,24,Eintracht Frankfurt,2019,https://www.transfermarkt.com/-/transfers/verein/24/saison_id/2019,222061,c59358bc8ccac94202bd994345eecee9c056a8f80daf5e59c128172dd3ed41a0,49,2026-09-12T19:20:58Z
data/raw/transfermarkt_pages/24_2020_transfers.html,24,Eintracht Frankfurt,2020,https://www.transfermarkt.com/-/transfers/verein/24/saison_id/2020,207096,256ac68d9c32c3f342f2812e469509fada4f49718a285ef6cad7f16e19c081ba,42,2026-09-12T19:21:05Z
data/raw/transfermarkt_pages/24_2021_transfers.html,24,Eintracht Frankfurt,2021,https://www.transfermarkt.com/-/transfers/verein/24/saison_id/2021,206759,a4891b92caabae9fecde3c63151e035a689c3b89cbab899d332ab0bad266faaf,41,2026-09-12T19:21:12Z
data/raw/transfermarkt_pages/24_2022_transfers.html,24,Eintracht Frankfurt,2022,https://www.transfermarkt.com/-/transfers/verein/24/saison_id/2022,217225,9ab406111ca3daadde400028daa74c9236b337d4691bea6cd00e0aad7c515bed,47,2026-09-12T19:21:19Z
data/raw/transfermarkt_pages/24_2023_transfers.html,24,Eintracht Frankfurt,2023,https://www.transfermarkt.com/-/transfers/verein/24/saison_id/2023,236795,38b327c2ae8ba6f75b2e45ddc3699e20ab94815b626dc6d97fd57a4d397bf5f7,56,2026-09-12T19:21:26Z
data/raw/transfermarkt_pages/167_2017_transfers.html,167,FC Augsburg,2017,https://www.transfermarkt.com/-/transfers/verein/167/saison_id/2017,180244,4edbeaf8bcbfbc164c8621646c93ecf5f49c35e41bbadf035d1814b947b1cfcc,31,2026-09-12T19:21:32Z
data/raw/transfermarkt_pages/167_2018_transfers.html,167,FC Augsburg,2018,https://www.transfermarkt.com/-/transfers/verein/167/saison_id/2018,175033,631a64190362fe1b029143908deb7b9f0b8c2e735e0d1e40271e60a8647e0a7a,28,2026-09-12T19:21:38Z
data/raw/transfermarkt_pages/167_2019_transfers.html,167,FC Augsburg,2019,https://www.transfermarkt.com/-/transfers/verein/167/saison_id/2019,193734,84a11b74f93e2d209102128adc5730c765353266b42c00a2871d16c55474346a,39,2026-09-12T19:21:45Z
data/raw/transfermarkt_pages/167_2020_transfers.html,167,FC Augsburg,2020,https://www.transfermarkt.com/-/transfers/verein/167/saison_id/2020,173629,536e0ace98f3d066242e273d4105526725b85b492767f43dd65a280385883915,28,2026-09-12T19:21:52Z
data/raw/transfermarkt_pages/167_2021_transfers.html,167,FC Augsburg,2021,https://www.transfermarkt.com/-/transfers/verein/167/saison_id/2021,167558,65f5a5cb4f3b147448cdfae7a8e6f0da32d2ed8fb1413cee70bbe41041450a8b,24,2026-09-12T19:21:59Z
data/raw/transfermarkt_pages/167_2022_transfers.html,167,FC Augsburg,2022,https://www.transfermarkt.com/-/transfers/verein/167/saison_id/2022,196376,918416722c5220a0624f4379c8a7b3614b0ce4d2130c8d852392c2b00f03f474,39,2026-09-12T19:22:04Z
data/raw/transfermarkt_pages/167_2023_transfers.html,167,FC Augsburg,2023,https://www.transfermarkt.com/-/transfers/verein/167/saison_id/2023,215483,ed111518ee0dde3d38238b2dcf312e74d756f952f70c77f113e2ca263e4101af,50,2026-09-12T19:22:10Z
data/raw/transfermarkt_pages/33_2017_transfers.html,33,FC Schalke 04,2017,https://www.transfermarkt.com/-/transfers/verein/33/saison_id/2017,205184,8e2ddd721bf98f7ef2a0e3c42039f8eb0bba6dc86623a3e1f5de0c0807857fbb,42,2026-09-12T19:22:17Z
data/raw/transfermarkt_pages/33_2018_transfers.html,33,FC Schalke 04,2018,https://www.transfermarkt.com/-/transfers/verein/33/saison_id/2018,190374,8fb9e1e41d230485067cc136ef78f0ba3b60dc46313133639912b7368249cc8c,33,2026-09-12T19:22:24Z
data/raw/transfermarkt_pages/33_2019_transfers.html,33,FC Schalke 04,2019,https://www.transfermarkt.com/-/transfers/verein/33/saison_id/2019,183606,0c1cb059b27815d55f3c8b4eb8aa70e36dea66ed1314ec0e80f7b95022531ff7,30,2026-09-12T19:22:30Z
data/raw/transfermarkt_pages/33_2020_transfers.html,33,FC Schalke 04,2020,https://www.transfermarkt.com/-/transfers/verein/33/saison_id/2020,208388,39e9fa5fb4a6015df8b219115bd6554716a9927c8f2356e08555a7e8f95f0f44,43,2026-09-12T19:22:37Z
data/raw/transfermarkt_pages/33_2021_transfers.html,33,FC Schalke 04,2021,https://www.transfermarkt.com/-/transfers/verein/33/saison_id/2021,246661,7676f3e3d68127147b1bf0bc8d55d2e374573e89ad9838c394eba111b52578cb,64,2026-09-12T19:22:42Z
data/raw/transfermarkt_pages/33_2022_transfers.html,33,FC Schalke 04,2022,https://www.transfermarkt.com/-/transfers/verein/33/saison_id/2022,246445,8695ffa0255f3e566dbd099dee06043e0396a0375b85065ef598c6923b90b062,63,2026-09-12T19:22:49Z
data/raw/transfermarkt_pages/33_2023_transfers.html,33,FC Schalke 04,2023,https://www.transfermarkt.com/-/transfers/verein/33/saison_id/2023,219805,6112125a677b6569c8e3eae4bf8884116eb086e61543b21f14067fa3f836d5f0,49,2026-09-12T19:22:56Z
data/raw/transfermarkt_pages/38_2017_transfers.html,38,Fortuna Düsseldorf,2017,https://www.transfermarkt.com/-/transfers/verein/38/saison_id/2017,184812,6bb1bfdce63569c08ec476f2895989aaa59f403e6545040b10fd3f90aa94c3bd,31,2026-09-12T19:23:02Z
data/raw/transfermarkt_pages/38_2018_transfers.html,38,Fortuna Düsseldorf,2018,https://www.transfermarkt.com/-/transfers/verein/38/saison_id/2018,202243,b01bd49d7377a829c053c12eaee85d6d7e17d43132e5b173d6b29cb2aa87280d,40,2026-09-12T19:23:08Z
data/raw/transfermarkt_pages/38_2019_transfers.html,38,Fortuna Düsseldorf,2019,https://www.transfermarkt.com/-/transfers/verein/38/saison_id/2019,193309,15ee248580e6d098c89ccb333a97ccba564334ad188f76fd31df1a5c5a661c86,35,2026-09-12T19:23:14Z
data/raw/transfermarkt_pages/38_2020_transfers.html,38,Fortuna Düsseldorf,2020,https://www.transfermarkt.com/-/transfers/verein/38/saison_id/2020,204381,fe49550b9b2bf9dac8c1cc536f79bcaf3361b1ecba868a53a69fad05ae460b25,41,2026-09-12T19:23:21Z
data/raw/transfermarkt_pages/38_2021_transfers.html,38,Fortuna Düsseldorf,2021,https://www.transfermarkt.com/-/transfers/verein/38/saison_id/2021,175632,6e77713e7d1326c7d5e1ddc81a52bb1354f95588a4adc6fca0f8a9827f7c67d9,26,2026-09-12T19:23:28Z
data/raw/transfermarkt_pages/38_2022_transfers.html,38,Fortuna Düsseldorf,2022,https://www.transfermarkt.com/-/transfers/verein/38/saison_id/2022,173055,8bf56047e3dc91a33690379f6c4c3b4ea60d33f6219a1ea57f023aa21e75966d,24,2026-09-12T19:23:35Z
data/raw/transfermarkt_pages/38_2023_transfers.html,38,Fortuna Düsseldorf,2023,https://www.transfermarkt.com/-/transfers/verein/38/saison_id/2023,177135,8f058da0874f3829a67f3a64fb3266e47ab21c12425447a07e28486bee98c242,27,2026-09-12T19:23:41Z
data/raw/transfermarkt_pages/41_2017_transfers.html,41,Hamburger SV,2017,https://www.transfermarkt.com/-/transfers/verein/41/saison_id/2017,188617,5c7a7565c591fa8bd3b88884ca830b0ff25f21384496122edb8e86afc831cf76,31,2026-09-12T19:23:48Z
data/raw/transfermarkt_pages/41_2018_transfers.html,41,Hamburger SV,2018,https://www.transfermarkt.com/-/transfers/verein/41/saison_id/2018,208101,ffe22561eabef9c56b34c45a5aaed7e8ba0e0564e9a6aeeaf3571519ee73c843,42,2026-09-12T19:23:54Z
data/raw/transfermarkt_pages/41_2019_transfers.html,41,Hamburger SV,2019,https://www.transfermarkt.com/-/transfers/verein/41/saison_id/2019,212935,6a6fde6360f15be244913b18f27a5cc6b100d31fc48360659989f083089d837a,44,2026-09-12T19:24:02Z
data/raw/transfermarkt_pages/41_2020_transfers.html,41,Hamburger SV,2020,https://www.transfermarkt.com/-/transfers/verein/41/saison_id/2020,188522,2ecee2f542d5f558e422fc228d821a31027ded91ba6c3e1c6923810f6f6536e4,31,2026-09-12T19:24:08Z
data/raw/transfermarkt_pages/41_2021_transfers.html,41,Hamburger SV,2021,https://www.transfermarkt.com/-/transfers/verein/41/saison_id/2021,193807,14aed6000af6dc8c174722af6f5cdb68019a88ee94e5e7330d2ef9cdbaace429,34,2026-09-12T19:24:14Z
data/raw/transfermarkt_pages/41_2022_transfers.html,41,Hamburger SV,2022,https://www.transfermarkt.com/-/transfers/verein/41/saison_id/2022,190587,1fd974a9fe4d4ef03992e1ff07aac2a89119ef989a5771e35763dc377229011d,32,2026-09-12T19:24:21Z
data/raw/transfermarkt_pages/41_2023_transfers.html,41,Hamburger SV,2023,https://www.transfermarkt.com/-/transfers/verein/41/saison_id/2023,191020,35f72e570cf58f5641f23b133fd81076b3a95a232b1e12e62e43d34e3c41dd9d,32,2026-09-12T19:24:28Z
data/raw/transfermarkt_pages/42_2017_transfers.html,42,Hannover 96,2017,https://www.transfermarkt.com/-/transfers/verein/42/saison_id/2017,179436,6356599cfbda05c4bd3e26391d77863fb3d7536a7940ec67c39230e2bd4fb573,28,2026-09-12T19:24:35Z
data/raw/transfermarkt_pages/42_2018_transfers.html,42,Hannover 96,2018,https://www.transfermarkt.com/-/transfers/verein/42/saison_id/2018,195360,834f9f38759deb24578f40a8eda8bf5095d405dad84982aaa1bd1809f3ff54c3,37,2026-09-12T19:24:41Z
data/raw/transfermarkt_pages/42_2019_transfers.html,42,Hannover 96,2019,https://www.transfermarkt.com/-/transfers/verein/42/saison_id/2019,213175,37d4325dc43a9e30307c115e2dbe979f060de71f810c99d77c253b8398f0a513,47,2026-09-12T19:24:48Z
data/raw/transfermarkt_pages/42_2020_transfers.html,42,Hannover 96,2020,https://www.transfermarkt.com/-/transfers/verein/42/saison_id/2020,189370,5d47c2b1b5f6f230b63a92d5f727c7720a859b50695296d5f07ee7b825326e39,34,2026-09-12T19:24:55Z
data/raw/transfermarkt_pages/42_2021_transfers.html,42,Hannover 96,2021,https://www.transfermarkt.com/-/transfers/verein/42/saison_id/2021,189151,68db194e6f217b8d9f3e3a70693954e4c3b282cf5f96552fbe6957d39df9188d,34,2026-09-12T19:25:02Z
data/raw/transfermarkt_pages/42_2022_transfers.html,42,Hannover 96,2022,https://www.transfermarkt.com/-/transfers/verein/42/saison_id/2022,184200,382771647af0476d5401f93140d284ab9e600c84d0dd8d9bb94310dfa2cabcca,31,2026-09-12T19:25:09Z
data/raw/transfermarkt_pages/42_2023_transfers.html,42,Hannover 96,2023,https://www.transfermarkt.com/-/transfers/verein/42/saison_id/2023,178999,4c9d93ea66c1c441dd59285c5d93f4237925e52eb40e280349892c1d6d0ee824,28,2026-09-12T19:25:15Z
data/raw/transfermarkt_pages/44_2017_transfers.html,44,Hertha BSC,2017,https://www.transfermarkt.com/-/transfers/verein/44/saison_id/2017,165547,96a83de0a85ec2f6b1b1436bbc31d472da2ea02ef4271a315d92e31c9e65c8d4,19,2026-09-12T19:25:22Z
data/raw/transfermarkt_pages/44_2018_transfers.html,44,Hertha BSC,2018,https://www.transfermarkt.com/-/transfers/verein/44/saison_id/2018,178403,0487ca14429795c40edd183e1b17303e5f790c1238a8a53c4417f89856f350c1,26,2026-09-12T19:25:29Z
data/raw/transfermarkt_pages/44_2019_transfers.html,44,Hertha BSC,2019,https://www.transfermarkt.com/-/transfers/verein/44/saison_id/2019,188040,d388f9da69206793af2a157b76cbe9755e68090cbc1e472bfead6a0c0fac7f73,31,2026-09-12T19:25:35Z
data/raw/transfermarkt_pages/44_2020_transfers.html,44,Hertha BSC,2020,https://www.transfermarkt.com/-/transfers/verein/44/saison_id/2020,196529,1dd63ed64404552c9dcd0ef6a8b64ff2e770b92ca1b5256d260226f846097f9a,36,2026-09-12T19:25:41Z
data/raw/transfermarkt_pages/44_2021_transfers.html,44,Hertha BSC,2021,https://www.transfermarkt.com/-/transfers/verein/44/saison_id/2021,198800,a3757925e695e15aadec036d55864df193d996718aebb155c4068b009727216a,37,2026-09-12T19:25:47Z
data/raw/transfermarkt_pages/44_2022_transfers.html,44,Hertha BSC,2022,https://www.transfermarkt.com/-/transfers/verein/44/saison_id/2022,235725,9700f4e6b3c3ba6e08e271559fc1a8485490770f6cb16dd4e6c067e8efb38783,56,2026-09-12T19:25:54Z
data/raw/transfermarkt_pages/44_2023_transfers.html,44,Hertha BSC,2023,https://www.transfermarkt.com/-/transfers/verein/44/saison_id/2023,235921,568f94e5583bcc0c94a89d684bb70c3ba683f9be6ddfdcef2011c10ca8c59d7e,57,2026-09-12T19:26:00Z
data/raw/transfermarkt_pages/23826_2017_transfers.html,23826,RB Leipzig,2017,https://www.transfermarkt.com/-/transfers/verein/23826/saison_id/2017,174131,c0e4eca5bcfd517c43b4fc5c2985a06c24a245349d8f12de85e23e3b020d7420,30,2026-09-12T19:26:07Z
data/raw/transfermarkt_pages/23826_2018_transfers.html,23826,RB Leipzig,2018,https://www.transfermarkt.com/-/transfers/verein/23826/saison_id/2018,184990,c6c81655376141a3cfd9901e26fe66363b30620e68f7494f47ff2752dc44b747,36,2026-09-12T19:26:14Z
data/raw/transfermarkt_pages/23826_2019_transfers.html,23826,RB Leipzig,2019,https://www.transfermarkt.com/-/transfers/verein/23826/saison_id/2019,169370,3288fbedda43835174f2ae0367e12a34bbe358c7bd209f23e88cca4de846a476,28,2026-09-12T19:26:20Z
data/raw/transfermarkt_pages/23826_2020_transfers.html,23826,RB Leipzig,2020,https://www.transfermarkt.com/-/transfers/verein/23826/saison_id/2020,161576,0737f72ee31149800b30c966a7ca959de3e1ae0c6c24a63d20846ea937ceca57,24,2026-09-12T19:26:26Z
data/raw/transfermarkt_pages/23826_2021_transfers.html,23826,RB Leipzig,2021,https://www.transfermarkt.com/-/transfers/verein/23826/saison_id/2021,188429,f4b50542fd2caa6515ddeb5a7ca529980ed92cca309ad5541b94c321dd42639d,38,2026-09-12T18:20:43Z
data/raw/transfermarkt_pages/23826_2022_transfers.html,23826,RB Leipzig,2022,https://www.transfermarkt.com/-/transfers/verein/23826/saison_id/2022,211974,3014759f69e4a3db31463a847fe01628664ed58a7d46114a86f7434d9b1a8dc0,51,2026-09-12T19:26:31Z
data/raw/transfermarkt_pages/23826_2023_transfers.html,23826,RB Leipzig,2023,https://www.transfermarkt.com/-/transfers/verein/23826/saison_id/2023,211291,fed998f993099f43f3482c8c0cee72de137db9f3cb93cf497f14db14d0315e77,51,2026-09-12T19:26:38Z
data/raw/transfermarkt_pages/60_2017_transfers.html,60,SC Freiburg,2017,https://www.transfermarkt.com/-/transfers/verein/60/saison_id/2017,178215,3c71a2ce340bca0e73df612a98c6618462448fd08b02bb964d9706e7bdc5495b,31,2026-09-12T19:26:44Z
data/raw/transfermarkt_pages/60_2018_transfers.html,60,SC Freiburg,2018,https://www.transfermarkt.com/-/transfers/verein/60/saison_id/2018,188942,68e0c5a56e3528c35822b13e5083e84f99ec7a092c02157cd6987ac48305a4ab,37,2026-09-12T19:26:50Z
data/raw/transfermarkt_pages/60_2019_transfers.html,60,SC Freiburg,2019,https://www.transfermarkt.com/-/transfers/verein/60/saison_id/2019,174435,193b4562b7e57e4ecebea63b6276e93bca8692110f1a934d9540f0116f20b78f,29,2026-09-12T19:26:57Z
data/raw/transfermarkt_pages/60_2020_transfers.html,60,SC Freiburg,2020,https://www.transfermarkt.com/-/transfers/verein/60/saison_id/2020,179545,f9bc92f59e370757b24ee6c177465537ddd97d656c6aaffd33b6e0b1b0ad741f,32,2026-09-12T19:27:02Z
data/raw/transfermarkt_pages/60_2021_transfers.html,60,SC Freiburg,2021,https://www.transfermarkt.com/-/transfers/verein/60/saison_id/2021,169221,7d67ed9b16144563a952b65890e0808d8d2851a721126c9f2d7749202ae2f60e,26,2026-09-12T19:27:08Z
data/raw/transfermarkt_pages/60_2022_transfers.html,60,SC Freiburg,2022,https://www.transfermarkt.com/-/transfers/verein/60/saison_id/2022,154101,d824a836451d9309b4bf5cb5c454b531bbf68aec922bd70af5355e4c2167078c,18,2026-09-12T19:27:13Z
data/raw/transfermarkt_pages/60_2023_transfers.html,60,SC Freiburg,2023,https://www.transfermarkt.com/-/transfers/verein/60/saison_id/2023,159822,d6fd365cdd3672b898f9255b3ec1933c5606dc650415f2c2749b38be675d82ea,21,2026-09-12T19:27:20Z
data/raw/transfermarkt_pages/127_2017_transfers.html,127,SC Paderborn 07,2017,https://www.transfermarkt.com/-/transfers/verein/127/saison_id/2017,188471,6f7dddd29ae78149ffc79ca39ef3fa73421fc5c76796d3c46c07101fa44f34cf,39,2026-09-12T19:27:26Z
data/raw/transfermarkt_pages/127_2018_transfers.html,127,SC Paderborn 07,2018,https://www.transfermarkt.com/-/transfers/verein/127/saison_id/2018,190657,e71ccce09a286840dd9e59a2d3493e915edc590a4655aea6ee5f2e0363eddce7,40,2026-09-12T19:27:33Z
data/raw/transfermarkt_pages/127_2019_transfers.html,127,SC Paderborn 07,2019,https://www.transfermarkt.com/-/transfers/verein/127/saison_id/2019,196019,59f9a8e2dc20c222de4ad5f90785a898d3068c31827cea2f8cd8ad4a7f54ca8a,43,2026-09-12T19:27:39Z
data/raw/transfermarkt_pages/127_2020_transfers.html,127,SC Paderborn 07,2020,https://www.transfermarkt.com/-/transfers/verein/127/saison_id/2020,195802,b6cf4e84a7ed2b48e0841da4423b4a5f8237ef4c83ec16d2827357fbe514988b,43,2026-09-12T19:27:45Z
data/raw/transfermarkt_pages/127_2021_transfers.html,127,SC Paderborn 07,2021,https://www.transfermarkt.com/-/transfers/verein/127/saison_id/2021,196426,85f60bdfbd924b6b06dd4b6bb8bc513ad04b95da7ad44268c4fc3777fc541657,43,2026-09-12T19:27:52Z
data/raw/transfermarkt_pages/127_2022_transfers.html,127,SC Paderborn 07,2022,https://www.transfermarkt.com/-/transfers/verein/127/saison_id/2022,192503,1f43cf4b63a0b5efb43c44afe6f43b8b3965c62599cce56e5430fc845dc77851,41,2026-09-12T19:27:58Z
data/raw/transfermarkt_pages/127_2023_transfers.html,127,SC Paderborn 07,2023,https://www.transfermarkt.com/-/transfers/verein/127/saison_id/2023,194632,9f671bc0f7e0a7841dfbfb4ce9b29358587568ac0d20f29d0541a2e2fe0cb38c,43,2026-09-12T19:28:05Z
data/raw/transfermarkt_pages/105_2017_transfers.html,105,SV Darmstadt 98,2017,https://www.transfermarkt.com/-/transfers/verein/105/saison_id/2017,213301,7ea836e6e29f717a6ff71a423c50acf901cfced403ee179acad794804e8e5f39,50,2026-09-12T19:28:11Z
data/raw/transfermarkt_pages/105_2018_transfers.html,105,SV Darmstadt 98,2018,https://www.transfermarkt.com/-/transfers/verein/105/saison_id/2018,206111,96ba0e71bb032050bda23e51ee5d540cd9f6f1d5b81a70d732059ede5bcc2c0e,46,2026-09-12T19:28:18Z
data/raw/transfermarkt_pages/105_2019_transfers.html,105,SV Darmstadt 98,2019,https://www.transfermarkt.com/-/transfers/verein/105/saison_id/2019,194125,980b808b3d381f45eca93229f956cceb65ed0851c5752c658babf52058edbb01,39,2026-09-12T19:28:25Z
data/raw/transfermarkt_pages/105_2020_transfers.html,105,SV Darmstadt 98,2020,https://www.transfermarkt.com/-/transfers/verein/105/saison_id/2020,163268,5c56aaf013afebb54ef4f48dd456e6326b48b615452b5b24fe1114f5caadb99c,22,2026-09-12T19:28:31Z
data/raw/transfermarkt_pages/105_2021_transfers.html,105,SV Darmstadt 98,2021,https://www.transfermarkt.com/-/transfers/verein/105/saison_id/2021,186005,e793d127248254566d18dd4a1f7f11c6bed626ecfde2704e665a7309680968c8,34,2026-09-12T19:28:38Z
data/raw/transfermarkt_pages/105_2022_transfers.html,105,SV Darmstadt 98,2022,https://www.transfermarkt.com/-/transfers/verein/105/saison_id/2022,165642,a27531c6513b1e7e54d81a2aa810d2d254b7ec525fa156fc8cdfc3099f8e9ff4,23,2026-09-12T19:28:43Z
data/raw/transfermarkt_pages/105_2023_transfers.html,105,SV Darmstadt 98,2023,https://www.transfermarkt.com/-/transfers/verein/105/saison_id/2023,180754,7cf6fc1165a94acc9cbdfb6d001d42b1db0d8f4dc9c31b5704ac058b0d29f307,31,2026-09-12T19:28:51Z
data/raw/transfermarkt_pages/86_2017_transfers.html,86,SV Werder Bremen,2017,https://www.transfermarkt.com/-/transfers/verein/86/saison_id/2017,191794,1e718fbfa6db38d5af387abd67bb7aa0999433868395d9ea8328f5e24887109c,34,2026-09-12T19:28:56Z
data/raw/transfermarkt_pages/86_2018_transfers.html,86,SV Werder Bremen,2018,https://www.transfermarkt.com/-/transfers/verein/86/saison_id/2018,205112,2224ec9994e015a2276c2948e4a45f8de52f6eac90c5b0fe7fc5711bfb077e47,41,2026-09-12T19:29:02Z
data/raw/transfermarkt_pages/86_2019_transfers.html,86,SV Werder Bremen,2019,https://www.transfermarkt.com/-/transfers/verein/86/saison_id/2019,187241,70cd3cfd878e75420adde63b19844514f58cd436b88c5d33f262a2b256bb895d,32,2026-09-12T19:29:07Z
data/raw/transfermarkt_pages/86_2020_transfers.html,86,SV Werder Bremen,2020,https://www.transfermarkt.com/-/transfers/verein/86/saison_id/2020,204286,be481e539352a031493c26982f2d90493b1305c0a700d7d0505f763ce81e9bb8,41,2026-09-12T19:29:14Z
data/raw/transfermarkt_pages/86_2021_transfers.html,86,SV Werder Bremen,2021,https://www.transfermarkt.com/-/transfers/verein/86/saison_id/2021,202306,bb3b8f81122e6e09a8bc7a822fb0adf9603c523afdf71c4f024b6a1df3dd0919,40,2026-09-12T19:29:20Z
data/raw/transfermarkt_pages/86_2022_transfers.html,86,SV Werder Bremen,2022,https://www.transfermarkt.com/-/transfers/verein/86/saison_id/2022,183552,f9cac219fd52d58896794ae4fad23eb5f79ec797e000fad080d6a7af705f52b8,30,2026-09-12T19:29:26Z
data/raw/transfermarkt_pages/86_2023_transfers.html,86,SV Werder Bremen,2023,https://www.transfermarkt.com/-/transfers/verein/86/saison_id/2023,191803,36a6e8e992f2343c46bd1f376ff3d4e426eb26dc526b16f8f56706657810a7a1,34,2026-09-12T19:29:33Z
data/raw/transfermarkt_pages/65_2017_transfers.html,65,SpVgg Greuther Fürth,2017,https://www.transfermarkt.com/-/transfers/verein/65/saison_id/2017,199598,78a57c8e337d584f0748dc4b3811f5c6806192ee5783d3b6d63a382dfc02cbe7,38,2026-09-12T19:29:40Z
data/raw/transfermarkt_pages/65_2018_transfers.html,65,SpVgg Greuther Fürth,2018,https://www.transfermarkt.com/-/transfers/verein/65/saison_id/2018,192377,6bae34c6d0e4d6f2bcaabb0afc402eef0f88b8085be7d5ebd0d38f421c2ed7ba,34,2026-09-12T19:29:46Z
data/raw/transfermarkt_pages/65_2019_transfers.html,65,SpVgg Greuther Fürth,2019,https://www.transfermarkt.com/-/transfers/verein/65/saison_id/2019,177280,8f0a745d69334e3211e9093fc4fa80288e57da06636bd9195f704fc83b6a17be,26,2026-09-12T19:29:51Z
data/raw/transfermarkt_pages/65_2020_transfers.html,65,SpVgg Greuther Fürth,2020,https://www.transfermarkt.com/-/transfers/verein/65/saison_id/2020,160586,327e504a759734b65194ef27f245d24534606679e38c17438fbf3330680148a2,17,2026-09-12T19:29:58Z
data/raw/transfermarkt_pages/65_2021_transfers.html,65,SpVgg Greuther Fürth,2021,https://www.transfermarkt.com/-/transfers/verein/65/saison_id/2021,191145,0d651e1b0cb40f3a495339b7d5e44b063149ba4f5ffcf0f0153498a00edc68c0,33,2026-09-12T19:30:04Z
data/raw/transfermarkt_pages/65_2022_transfers.html,65,SpVgg Greuther Fürth,2022,https://www.transfermarkt.com/-/transfers/verein/65/saison_id/2022,181175,da2266e8b3654dc103779254ded2854df01754378bd36fc82e4b3c1000dbe096,28,2026-09-12T19:30:10Z
data/raw/transfermarkt_pages/65_2023_transfers.html,65,SpVgg Greuther Fürth,2023,https://www.transfermarkt.com/-/transfers/verein/65/saison_id/2023,192277,6873267b42bea6faca9a2652e9f24a993521b4947ee4582c05243bc12de938b1,34,2026-09-12T19:30:17Z
data/raw/transfermarkt_pages/533_2017_transfers.html,533,TSG 1899 Hoffenheim,2017,https://www.transfermarkt.com/-/transfers/verein/533/saison_id/2017,190114,74936a3d645e6f545009c539c25fa94cb7f3e5d19aae3db1fb6aa6111d60afb5,39,2026-09-12T19:30:22Z
data/raw/transfermarkt_pages/533_2018_transfers.html,533,TSG 1899 Hoffenheim,2018,https://www.transfermarkt.com/-/transfers/verein/533/saison_id/2018,180455,29f042051ca2e4e309168993f203c80a78e11edfc7113a9db5f1a23caa94038a,34,2026-09-12T19:30:29Z
data/raw/transfermarkt_pages/533_2019_transfers.html,533,TSG 1899 Hoffenheim,2019,https://www.transfermarkt.com/-/transfers/verein/533/saison_id/2019,202244,ee0485a67b9ac3703d5946c0ceb550e73b2b3d906efc5fb93ea4446bacc88fc5,46,2026-09-12T19:30:37Z
data/raw/transfermarkt_pages/533_2020_transfers.html,533,TSG 1899 Hoffenheim,2020,https://www.transfermarkt.com/-/transfers/verein/533/saison_id/2020,173297,455d98087149c2c74a8c000dfbe6f8a3c34add3114359c364dbc3f6c3fd01767,30,2026-09-12T19:30:43Z
data/raw/transfermarkt_pages/533_2021_transfers.html,533,TSG 1899 Hoffenheim,2021,https://www.transfermarkt.com/-/transfers/verein/533/saison_id/2021,171347,8f946a6c68d0a4a2032d9f8dc570683518356dd6b84a3616df53d357a80249af,29,2026-09-12T19:30:49Z
data/raw/transfermarkt_pages/533_2022_transfers.html,533,TSG 1899 Hoffenheim,2022,https://www.transfermarkt.com/-/transfers/verein/533/saison_id/2022,181400,9599cbf06bb2721d9a75dfe154ac13dcfc7e038d3132b894d0a82e9b9d448ea6,35,2026-09-12T19:30:55Z
data/raw/transfermarkt_pages/533_2023_transfers.html,533,TSG 1899 Hoffenheim,2023,https://www.transfermarkt.com/-/transfers/verein/533/saison_id/2023,188154,6667d4400eab9c616c90eb2c362cdec00581e4db182b69eb7f82a8f7587a2e80,39,2026-09-12T19:31:01Z
data/raw/transfermarkt_pages/79_2017_transfers.html,79,VfB Stuttgart,2017,https://www.transfermarkt.com/-/transfers/verein/79/saison_id/2017,187730,8bcff92e42b1637506b86857cec09889000e725d0243470280684720826ac200,32,2026-09-12T19:31:07Z
data/raw/transfermarkt_pages/79_2018_transfers.html,79,VfB Stuttgart,2018,https://www.transfermarkt.com/-/transfers/verein/79/saison_id/2018,194733,d7d29f5b951a186ab67bd624dc3bb6eaf8aca5da6d201536bacd7cc97141df85,35,2026-09-12T19:31:14Z
data/raw/transfermarkt_pages/79_2019_transfers.html,79,VfB Stuttgart,2019,https://www.transfermarkt.com/-/transfers/verein/79/saison_id/2019,230853,3f286533be99a61db9dff4e285a9a92b6f124aa10cf967103963749bc8d1216a,55,2026-09-12T19:31:19Z
data/raw/transfermarkt_pages/79_2020_transfers.html,79,VfB Stuttgart,2020,https://www.transfermarkt.com/-/transfers/verein/79/saison_id/2020,182243,bd7dc88d569859e45deb1466ed9ed12c5fd7d13b04d691e6fede60bde754c326,29,2026-09-12T19:31:25Z
data/raw/transfermarkt_pages/79_2021_transfers.html,79,VfB Stuttgart,2021,https://www.transfermarkt.com/-/transfers/verein/79/saison_id/2021,184446,b62420ab15a8af2ed75f7ac8a4d9bc5b3c2478ce12e4b0a52b9170618daf0ded,30,2026-09-12T19:31:31Z
data/raw/transfermarkt_pages/79_2022_transfers.html,79,VfB Stuttgart,2022,https://www.transfermarkt.com/-/transfers/verein/79/saison_id/2022,207277,b272a2d108a22707ff201185786140215b0964333d2aab38c1753bffde7d5129,42,2026-09-12T19:31:37Z
data/raw/transfermarkt_pages/79_2023_transfers.html,79,VfB Stuttgart,2023,https://www.transfermarkt.com/-/transfers/verein/79/saison_id/2023,204252,ff3eb7eb3393f8f3ee01e51083050499bc6662922abda062bad9f02bf6bba880,40,2026-09-12T19:31:43Z
data/raw/transfermarkt_pages/80_2017_transfers.html,80,VfL Bochum,2017,https://www.transfermarkt.com/-/transfers/verein/80/saison_id/2017,166746,56d359b77b4f875b46b759cc4329c4d239355461ea240cd482235d0dbba95fa6,24,2026-09-12T19:31:50Z
data/raw/transfermarkt_pages/80_2018_transfers.html,80,VfL Bochum,2018,https://www.transfermarkt.com/-/transfers/verein/80/saison_id/2018,180165,686ef4b4b381b6f83c2baeff88bba3436840be17b3d9139491faf30f176004eb,31,2026-09-12T19:31:57Z
data/raw/transfermarkt_pages/80_2019_transfers.html,80,VfL Bochum,2019,https://www.transfermarkt.com/-/transfers/verein/80/saison_id/2019,178106,ca2d1c978e06ffc78d2d1ab05efe555a247979dbae168dd95b6ee7bc167b02ff,30,2026-09-12T19:32:03Z
data/raw/transfermarkt_pages/80_2020_transfers.html,80,VfL Bochum,2020,https://www.transfermarkt.com/-/transfers/verein/80/saison_id/2020,167082,b4396c8b876e77ab1bf100f67526f68d11ec8a69a9074bce376181e2f01eea14,24,2026-09-12T19:32:10Z
data/raw/transfermarkt_pages/80_2021_transfers.html,80,VfL Bochum,2021,https://www.transfermarkt.com/-/transfers/verein/80/saison_id/2021,163471,24240a0a2fd1d8cbb48ac78abdec8cf8f8d78c77641485324f218605ed74abc3,22,2026-09-12T19:32:16Z
data/raw/transfermarkt_pages/80_2022_transfers.html,80,VfL Bochum,2022,https://www.transfermarkt.com/-/transfers/verein/80/saison_id/2022,191495,d47a1e26fa8da2020008f7a26f710c0adf06007acc2fc67f5da6864668812671,37,2026-09-12T19:32:24Z
data/raw/transfermarkt_pages/80_2023_transfers.html,80,VfL Bochum,2023,https://www.transfermarkt.com/-/transfers/verein/80/saison_id/2023,190766,55bc3ae65fc09c3e01344b47f043d3a06a81ae8abe284df677201e264886ae5f,37,2026-09-12T19:32:30Z
data/raw/transfermarkt_pages/82_2017_transfers.html,82,VfL Wolfsburg,2017,https://www.transfermarkt.com/-/transfers/verein/82/saison_id/2017,202075,3066ac0630ab31ffed4923667fba65a346089e5c98b4d08754285afa3c5ff20a,41,2026-09-12T19:32:36Z
data/raw/transfermarkt_pages/82_2018_transfers.html,82,VfL Wolfsburg,2018,https://www.transfermarkt.com/-/transfers/verein/82/saison_id/2018,177409,bd5e47c60a55f89b0f99e5081d8d7437a073bb3871fbcf1b5853e87f35e8464c,28,2026-09-12T19:32:43Z
data/raw/transfermarkt_pages/82_2019_transfers.html,82,VfL Wolfsburg,2019,https://www.transfermarkt.com/-/transfers/verein/82/saison_id/2019,180384,219b26a13bf8c594bdaa6ded942713e341b189d48acacb685683df3f56643ca1,29,2026-09-12T19:32:49Z
data/raw/transfermarkt_pages/82_2020_transfers.html,82,VfL Wolfsburg,2020,https://www.transfermarkt.com/-/transfers/verein/82/saison_id/2020,171943,61cf35398ed7e0a4d95acd2830a79df03468f25bf06a505fea8ecfea292ae3e6,25,2026-09-12T19:32:56Z
data/raw/transfermarkt_pages/82_2021_transfers.html,82,VfL Wolfsburg,2021,https://www.transfermarkt.com/-/transfers/verein/82/saison_id/2021,212928,f4bf504b21f9c6892733c6d69b13020ac833c32f20b99fa825e174234df73ce1,47,2026-09-12T19:33:02Z
data/raw/transfermarkt_pages/82_2022_transfers.html,82,VfL Wolfsburg,2022,https://www.transfermarkt.com/-/transfers/verein/82/saison_id/2022,186270,d7cba559382112a6ad86ee9ceb8c83258cc1a5b405aaeca518f912047efa8ad7,33,2026-09-12T19:33:08Z
data/raw/transfermarkt_pages/82_2023_transfers.html,82,VfL Wolfsburg,2023,https://www.transfermarkt.com/-/transfers/verein/82/saison_id/2023,199600,0bd7bf80e1f9018cca5cc21ed14d4527bd0c73117ee8b41a01dfc71ba617ab5d,40,2026-09-12T19:33:14Z
data/raw/transfermarkt_pages/5_2017_transfers.html,5,AC Milan,2017,https://www.transfermarkt.com/-/transfers/verein/5/saison_id/2017,258999,9df706ab1baed00f032b949307729ffd1465c97a90c01d0ee928a03b4daeb848,69,2026-09-12T19:33:20Z
data/raw/transfermarkt_pages/5_2018_transfers.html,5,AC Milan,2018,https://www.transfermarkt.com/-/transfers/verein/5/saison_id/2018,230059,f2a51ed81e1b7b926f49b90d94bc587fb876d2940e2e666854a6d1da08941d70,54,2026-09-12T19:33:27Z
data/raw/transfermarkt_pages/5_2019_transfers.html,5,AC Milan,2019,https://www.transfermarkt.com/-/transfers/verein/5/saison_id/2019,229755,8118d9c6476294005efba02764bf2122ab9b67c6c5d2800d1f8e8ca285c712df,54,2026-09-12T19:33:33Z
data/raw/transfermarkt_pages/5_2020_transfers.html,5,AC Milan,2020,https://www.transfermarkt.com/-/transfers/verein/5/saison_id/2020,230578,1b40cf0cd61eb388b853023ad5864ee1202ee2b26aab13ee764f3a1413808e67,54,2026-09-12T19:33:39Z
data/raw/transfermarkt_pages/5_2021_transfers.html,5,AC Milan,2021,https://www.transfermarkt.com/-/transfers/verein/5/saison_id/2021,233055,d6132e4ea864c07beaad5cdbc51ede80d043ed94710cd282753800b1f7b22ef2,55,2026-09-12T19:33:45Z
data/raw/transfermarkt_pages/5_2022_transfers.html,5,AC Milan,2022,https://www.transfermarkt.com/-/transfers/verein/5/saison_id/2022,238844,91a336eec123a9f7a7a4feed841cac5f7309a06a6b255422b9635b71392a402c,58,2026-09-12T19:33:50Z
data/raw/transfermarkt_pages/5_2023_transfers.html,5,AC Milan,2023,https://www.transfermarkt.com/-/transfers/verein/5/saison_id/2023,237092,df64c1d2858b483897677ec5332924d0f5bdcf1f3d4e5c6ec6c62c5ad1b8d9db,57,2026-09-12T19:33:56Z
data/raw/transfermarkt_pages/2919_2017_transfers.html,2919,AC Monza,2017,https://www.transfermarkt.com/-/transfers/verein/2919/saison_id/2017,186164,3087c195573801c1e6272bb094464b150fde604c38cc525b0ebfdea11a2eff96,34,2026-09-12T19:34:01Z
data/raw/transfermarkt_pages/2919_2018_transfers.html,2919,AC Monza,2018,https://www.transfermarkt.com/-/transfers/verein/2919/saison_id/2018,222029,1b9877214a3be63eb52910dc5f61da9e7b5b92f659988bd41b0bde2deec4dab4,54,2026-09-12T19:34:08Z
data/raw/transfermarkt_pages/2919_2019_transfers.html,2919,AC Monza,2019,https://www.transfermarkt.com/-/transfers/verein/2919/saison_id/2019,218891,e942e93470426436d918fd9a451b67ccbc5f1f33ed9ea613e9b9c3ffdc177021,51,2026-09-12T19:34:15Z
data/raw/transfermarkt_pages/2919_2020_transfers.html,2919,AC Monza,2020,https://www.transfermarkt.com/-/transfers/verein/2919/saison_id/2020,265966,6f6e4c5038c2ff42680eab44db917eb10335168d72de4c5377f9defd02d05e1c,77,2026-09-12T19:34:22Z
data/raw/transfermarkt_pages/2919_2021_transfers.html,2919,AC Monza,2021,https://www.transfermarkt.com/-/transfers/verein/2919/saison_id/2021,210127,7d891fe6b1c497f7f0f376d68c57f7142c6fc0c9a4ee1fcb6741d1d5966d331f,47,2026-09-12T19:34:29Z
data/raw/transfermarkt_pages/2919_2022_transfers.html,2919,AC Monza,2022,https://www.transfermarkt.com/-/transfers/verein/2919/saison_id/2022,244911,54ff748714613f7f6af5e8c494634f98f800c20dbcdf8cdd5c64b3aedc23c097,67,2026-09-12T19:34:35Z
data/raw/transfermarkt_pages/2919_2023_transfers.html,2919,AC Monza,2023,https://www.transfermarkt.com/-/transfers/verein/2919/saison_id/2023,238502,ba25e396f90fd2e70ca8129d3795ad090585117672e507cd4e09fc2c93fc0c79,63,2026-09-12T19:34:42Z
data/raw/transfermarkt_pages/430_2017_transfers.html,430,ACF Fiorentina,2017,https://www.transfermarkt.com/-/transfers/verein/430/saison_id/2017,289820,3b0b2b5bba112d2c7a26a7828890c1bb3f7cbc3fe78a5587db4ff022db14192a,87,2026-09-12T19:34:47Z
data/raw/transfermarkt_pages/430_2018_transfers.html,430,ACF Fiorentina,2018,https://www.transfermarkt.com/-/transfers/verein/430/saison_id/2018,285018,61cccf42fbb5c22082ba904b1e696bfb8910a9d7e748bbf60e80c4dcd29b81ff,85,2026-09-12T19:34:53Z
data/raw/transfermarkt_pages/430_2019_transfers.html,430,ACF Fiorentina,2019,https://www.transfermarkt.com/-/transfers/verein/430/saison_id/2019,305678,c283964d8e827369d76adc320c185e6824b2784a9b8ce80ac7a3021938e10f4b,96,2026-09-12T19:35:00Z
data/raw/transfermarkt_pages/430_2020_transfers.html,430,ACF Fiorentina,2020,https://www.transfermarkt.com/-/transfers/verein/430/saison_id/2020,291215,1a1cb70c29223f663237d83bb69d1192c00d8a1e9bb02e543b99ca92a62733a5,88,2026-09-12T19:35:07Z
data/raw/transfermarkt_pages/430_2021_transfers.html,430,ACF Fiorentina,2021,https://www.transfermarkt.com/-/transfers/verein/430/saison_id/2021,287746,7a24b8aede2d99ca71a19ea4ad095ce5fdd868815d8a35e956b6aa26d4b0f358,87,2026-09-12T19:35:14Z
data/raw/transfermarkt_pages/430_2022_transfers.html,430,ACF Fiorentina,2022,https://www.transfermarkt.com/-/transfers/verein/430/saison_id/2022,263200,ba6cc0e17c523a64965b60909102971c1b4b8c43d276441f8c956e9404d73bb5,73,2026-09-12T19:35:20Z
data/raw/transfermarkt_pages/430_2023_transfers.html,430,ACF Fiorentina,2023,https://www.transfermarkt.com/-/transfers/verein/430/saison_id/2023,285948,258cac5b7c13413a48d5a9e319b566f2f1ad3f1807e09bb7a195d863e4bbb8d2,85,2026-09-12T19:35:27Z
data/raw/transfermarkt_pages/12_2017_transfers.html,12,Associazione Sportiva Roma,2017,https://www.transfermarkt.com/-/transfers/verein/12/saison_id/2017,345302,b4ec57015d13f3ddd08d31b8609062fad603f215777bcecb948e9b922462fe79,118,2026-09-12T19:35:32Z
data/raw/transfermarkt_pages/12_2018_transfers.html,12,Associazione Sportiva Roma,2018,https://www.transfermarkt.com/-/transfers/verein/12/saison_id/2018,295406,bbf5535f7c663e4d6419093730208b2081c8bdf9d12a610a1a1858cd311e1926,91,2026-09-12T19:35:38Z
data/raw/transfermarkt_pages/12_2019_transfers.html,12,Associazione Sportiva Roma,2019,https://www.transfermarkt.com/-/transfers/verein/12/saison_id/2019,267814,41e8c7fafbb3c494c94c271cd92c20b86c7c1052c553ff1d2494d76be25045e3,76,2026-09-12T19:35:45Z
data/raw/transfermarkt_pages/12_2020_transfers.html,12,Associazione Sportiva Roma,2020,https://www.transfermarkt.com/-/transfers/verein/12/saison_id/2020,247460,b675e52913997d50b63c6a151b71ec8045e6234d0e2c7d16908343a83d02f06c,65,2026-09-12T19:35:52Z
data/raw/transfermarkt_pages/12_2021_transfers.html,12,Associazione Sportiva Roma,2021,https://www.transfermarkt.com/-/transfers/verein/12/saison_id/2021,270826,5bf0b2054d02bbadd50a91bae40625a6cc9aee0ed1fe4b673d8853ed76b61b2f,77,2026-09-12T19:35:59Z
data/raw/transfermarkt_pages/12_2022_transfers.html,12,Associazione Sportiva Roma,2022,https://www.transfermarkt.com/-/transfers/verein/12/saison_id/2022,236630,6c159e9fd4360bd2eb66c7c45dbfe0df59f18de2ff78590163de36a034e0d4d2,59,2026-09-12T19:36:06Z
data/raw/transfermarkt_pages/12_2023_transfers.html,12,Associazione Sportiva Roma,2023,https://www.transfermarkt.com/-/transfers/verein/12/saison_id/2023,213437,7221a65aba30704171cd211581716c86c1e36f8ffd93e2ca426faa42053bf353,46,2026-09-12T19:36:12Z
data/raw/transfermarkt_pages/800_2017_transfers.html,800,Atalanta BC,2017,https://www.transfermarkt.com/-/transfers/verein/800/saison_id/2017,414935,075154d49f8e3fd67889fee4d135db0f1fe18afd40756099fce05d44c6d53038,157,2026-09-12T19:36:19Z
data/raw/transfermarkt_pages/800_2018_transfers.html,800,Atalanta BC,2018,https://www.transfermarkt.com/-/transfers/verein/800/saison_id/2018,417063,6f0d36ba9e8cb1324324f0a0a5aeddb089c0494f93aedcf3d9c8ab7af6dad41b,157,2026-09-12T19:36:27Z
data/raw/transfermarkt_pages/800_2019_transfers.html,800,Atalanta BC,2019,https://www.transfermarkt.com/-/transfers/verein/800/saison_id/2019,416308,ceb35e89f39a7ebac20a98d5542a8b8c0ce27237621abd50c07f880dea529320,157,2026-09-12T19:36:33Z
data/raw/transfermarkt_pages/800_2020_transfers.html,800,Atalanta BC,2020,https://www.transfermarkt.com/-/transfers/verein/800/saison_id/2020,350106,e03ee7e6610906544ff04ef85c2c2201bbe933e49d23347daab7aeded967d6d4,121,2026-09-12T19:36:40Z
data/raw/transfermarkt_pages/800_2021_transfers.html,800,Atalanta BC,2021,https://www.transfermarkt.com/-/transfers/verein/800/saison_id/2021,375274,2f2304cb6323876cf6ccff1f421e7b2dd2a7ee1ebe228618ba5379e3d3bcb325,134,2026-09-12T19:36:46Z
data/raw/transfermarkt_pages/800_2022_transfers.html,800,Atalanta BC,2022,https://www.transfermarkt.com/-/transfers/verein/800/saison_id/2022,412343,5750b92f5698500adc8aee1c639b1de319170dec8087c53af7030b56b4561e0f,155,2026-09-12T19:36:52Z
data/raw/transfermarkt_pages/800_2023_transfers.html,800,Atalanta BC,2023,https://www.transfermarkt.com/-/transfers/verein/800/saison_id/2023,293392,858403e9db4a8beb8edba805fa57efb6ad072fcacf11284916590b17b24cfffe,90,2026-09-12T19:36:59Z
data/raw/transfermarkt_pages/4171_2017_transfers.html,4171,Benevento Calcio,2017,https://www.transfermarkt.com/-/transfers/verein/4171/saison_id/2017,251222,834ed5d46a41d3988080a0cf5c04746b8b98846a3fe89a0bc3e48b127a7b262c,70,2026-09-12T19:37:06Z
data/raw/transfermarkt_pages/4171_2018_transfers.html,4171,Benevento Calcio,2018,https://www.transfermarkt.com/-/transfers/verein/4171/saison_id/2018,258334,9b0ef612c4e795973d37af13d157c1f7bf9c7db003b6d8d96c55a62c70becf95,74,2026-09-12T19:37:11Z
data/raw/transfermarkt_pages/4171_2019_transfers.html,4171,Benevento Calcio,2019,https://www.transfermarkt.com/-/transfers/verein/4171/saison_id/2019,208468,7375767821b869487cd6a0cfe116a4ef7006e05296765a1033fd69243bbaccb7,47,2026-09-12T19:37:18Z
data/raw/transfermarkt_pages/4171_2020_transfers.html,4171,Benevento Calcio,2020,https://www.transfermarkt.com/-/transfers/verein/4171/saison_id/2020,213531,f412c07bb9901cd02ee3287aa3df2c5c345983b0431d3565cebbc1e58732a562,49,2026-09-12T19:37:24Z
data/raw/transfermarkt_pages/4171_2021_transfers.html,4171,Benevento Calcio,2021,https://www.transfermarkt.com/-/transfers/verein/4171/saison_id/2021,236864,08740d65821f5823641f03189c7d81ca06d4a2a3218d8e5720e9bf5558aa8bcc,63,2026-09-12T19:37:30Z
data/raw/transfermarkt_pages/4171_2022_transfers.html,4171,Benevento Calcio,2022,https://www.transfermarkt.com/-/transfers/verein/4171/saison_id/2022,236180,4ec55186195f32ab2f5a287389761a54dbe5cb4f0066f6bd998d4ea82aa62c0c,62,2026-09-12T19:37:35Z
data/raw/transfermarkt_pages/4171_2023_transfers.html,4171,Benevento Calcio,2023,https://www.transfermarkt.com/-/transfers/verein/4171/saison_id/2023,262209,4b16c9a9fd4a2962eb6c3cb8e754c851d7ff30d7a931bb94dbd73bee0d04d343,77,2026-09-12T19:37:42Z
data/raw/transfermarkt_pages/1025_2017_transfers.html,1025,Bologna Football Club 1909,2017,https://www.transfermarkt.com/-/transfers/verein/1025/saison_id/2017,259479,047314625dfc25ad49a0e951d6726f2b4fb655d7a378af85f6582679d7a94003,71,2026-09-12T19:37:49Z
data/raw/transfermarkt_pages/1025_2018_transfers.html,1025,Bologna Football Club 1909,2018,https://www.transfermarkt.com/-/transfers/verein/1025/saison_id/2018,269411,96aed409d31dfe536d7f86071e04e7a9355616c208ea63aee99096c48e876c72,76,2026-09-12T19:37:56Z
data/raw/transfermarkt_pages/1025_2019_transfers.html,1025,Bologna Football Club 1909,2019,https://www.transfermarkt.com/-/transfers/verein/1025/saison_id/2019,280131,e5cca9c1705fbde1c613306b5db7ff2234c50f5b6165f4b6c7832214a69bf7ef,81,2026-09-12T19:38:03Z
data/raw/transfermarkt_pages/1025_2020_transfers.html,1025,Bologna Football Club 1909,2020,https://www.transfermarkt.com/-/transfers/verein/1025/saison_id/2020,231367,5da6753d3d7db711b3c751e2bb47cdefcda7166c43efcdff3060ee9979b11375,55,2026-09-12T19:38:09Z
data/raw/transfermarkt_pages/1025_2021_transfers.html,1025,Bologna Football Club 1909,2021,https://www.transfermarkt.com/-/transfers/verein/1025/saison_id/2021,260015,b5d5786ecd516224e68567cda14ca63cdf951d88a69f7bc7adbb9771f10efe56,71,2026-09-12T19:38:14Z
data/raw/transfermarkt_pages/1025_2022_transfers.html,1025,Bologna Football Club 1909,2022,https://www.transfermarkt.com/-/transfers/verein/1025/saison_id/2022,249054,e4af1daacfdc7eaa4a68166034b06394519659bd06d06a87a694bee4712121b2,65,2026-09-12T19:38:20Z
data/raw/transfermarkt_pages/1025_2023_transfers.html,1025,Bologna Football Club 1909,2023,https://www.transfermarkt.com/-/transfers/verein/1025/saison_id/2023,252252,5057964ffbab9a832dbd2314d7d1cc3441736e2f831e540321f804cbeec4ac87,66,2026-09-12T19:38:27Z
data/raw/transfermarkt_pages/19_2017_transfers.html,19,Brescia Calcio,2017,https://www.transfermarkt.com/-/transfers/verein/19/saison_id/2017,272523,eda248d3f06d44758135fb4419aaa59ef579a6b3ed324f056a5a6350608c0538,81,2026-09-12T19:38:33Z
data/raw/transfermarkt_pages/19_2018_transfers.html,19,Brescia Calcio,2018,https://www.transfermarkt.com/-/transfers/verein/19/saison_id/2018,226552,e8da675436fe439ae5364e5f47765226ae8c801e780718bce5bc61bc65461262,56,2026-09-12T19:38:40Z
data/raw/transfermarkt_pages/19_2019_transfers.html,19,Brescia Calcio,2019,https://www.transfermarkt.com/-/transfers/verein/19/saison_id/2019,192792,aa9de1ef79b3d62858dd76c9b21bff799b4ad09a79e49e1325a9677a6f449d8b,38,2026-09-12T19:38:47Z
data/raw/transfermarkt_pages/19_2020_transfers.html,19,Brescia Calcio,2020,https://www.transfermarkt.com/-/transfers/verein/19/saison_id/2020,172206,ddc461de710768019e7326a026302d678959fe4906c2e351f4cd41aae8cf599b,27,2026-09-12T19:38:53Z
data/raw/transfermarkt_pages/19_2021_transfers.html,19,Brescia Calcio,2021,https://www.transfermarkt.com/-/transfers/verein/19/saison_id/2021,214354,da4637d85aff1f8ff58dbfc85f3d0bafb273d2c0203248ec49b5348aad2112c9,50,2026-09-12T19:39:00Z
data/raw/transfermarkt_pages/19_2022_transfers.html,19,Brescia Calcio,2022,https://www.transfermarkt.com/-/transfers/verein/19/saison_id/2022,217938,7b38f0e69e80f09284225863f63e8fbac2d9dbdf0ca470403c325298842d5e86,52,2026-09-12T19:39:07Z
data/raw/transfermarkt_pages/19_2023_transfers.html,19,Brescia Calcio,2023,https://www.transfermarkt.com/-/transfers/verein/19/saison_id/2023,184460,4e896cbd0af951b6a8dd79c621450290597df2691a8858af9f541e3ffcf5d762,34,2026-09-12T19:39:13Z
data/raw/transfermarkt_pages/1390_2017_transfers.html,1390,Cagliari Calcio,2017,https://www.transfermarkt.com/-/transfers/verein/1390/saison_id/2017,248701,08d72ee59926735873d83898fe2eabd7f0b360c8ea03550f861329e03b9cc546,68,2026-09-12T19:39:20Z
data/raw/transfermarkt_pages/1390_2018_transfers.html,1390,Cagliari Calcio,2018,https://www.transfermarkt.com/-/transfers/verein/1390/saison_id/2018,240085,0a5d2fff46d59e25b74ca319f8cbb215ff91256f02c3c0c793cc9d22a547cd28,63,2026-09-12T19:39:26Z
data/raw/transfermarkt_pages/1390_2019_transfers.html,1390,Cagliari Calcio,2019,https://www.transfermarkt.com/-/transfers/verein/1390/saison_id/2019,245977,ddad0c9a96c6cdd824ab8ea031446b0f33d95b76886ba87787b3751671b26924,66,2026-09-12T19:39:32Z
data/raw/transfermarkt_pages/1390_2020_transfers.html,1390,Cagliari Calcio,2020,https://www.transfermarkt.com/-/transfers/verein/1390/saison_id/2020,243742,b84fa72aacce912ee7c2539be123fcd78731a791bd2bef326cd871b4bbfa541f,65,2026-09-12T19:39:38Z
data/raw/transfermarkt_pages/1390_2021_transfers.html,1390,Cagliari Calcio,2021,https://www.transfermarkt.com/-/transfers/verein/1390/saison_id/2021,229687,0b2ce121b24199628d168c0770551c2ac973f5dc729700ea6a6ae40ba16774c8,57,2026-09-12T19:39:45Z
data/raw/transfermarkt_pages/1390_2022_transfers.html,1390,Cagliari Calcio,2022,https://www.transfermarkt.com/-/transfers/verein/1390/saison_id/2022,252677,9f3851d1bd2beae20c63df49899cbf6bf732b79e9b4321a4bfe83c972550b7bb,69,2026-09-12T19:39:51Z
data/raw/transfermarkt_pages/1390_2023_transfers.html,1390,Cagliari Calcio,2023,https://www.transfermarkt.com/-/transfers/verein/1390/saison_id/2023,220569,3b6b878e573cf88c4768d967f41882008e3fc8eaf53eea5e5002f2fa6c7d6252,52,2026-09-12T19:39:58Z
data/raw/transfermarkt_pages/862_2017_transfers.html,862,Chievo Verona,2017,https://www.transfermarkt.com/-/transfers/verein/862/saison_id/2017,335779,60e660e9122c5d81f3193c8de3e7116a98e6e4bf18bb7705a9018d5af508a6ec,119,2026-09-12T19:40:05Z
data/raw/transfermarkt_pages/862_2018_transfers.html,862,Chievo Verona,2018,https://www.transfermarkt.com/-/transfers/verein/862/saison_id/2018,307835,634355d61aa7bc0b0edc65be963746c169f4f6b456874d6ce8d18257e7621240,104,2026-09-12T19:40:11Z
data/raw/transfermarkt_pages/862_2019_transfers.html,862,Chievo Verona,2019,https://www.transfermarkt.com/-/transfers/verein/862/saison_id/2019,317267,cbb5dadc19e68809b8037a8648a6f7c926cae2bcee5253b05ec40e2c5c87089d,109,2026-09-12T19:40:19Z
data/raw/transfermarkt_pages/862_2020_transfers.html,862,Chievo Verona,2020,https://www.transfermarkt.com/-/transfers/verein/862/saison_id/2020,245371,e92836273671a0ae818a935f4e2f03265185a35ed171afc05c181707e454caa4,70,2026-09-12T19:40:24Z
data/raw/transfermarkt_pages/862_2021_transfers.html,862,Chievo Verona,2021,https://www.transfermarkt.com/-/transfers/verein/862/saison_id/2021,223477,1982c5f8a89e434ab75ba7af4fe040f28f370397571e07ecf3f8af22ed735805,59,2026-09-12T19:40:30Z
data/raw/transfermarkt_pages/862_2022_transfers.html,862,Chievo Verona,2022,https://www.transfermarkt.com/-/transfers/verein/862/saison_id/2022,115500,b5aaf0e16884a0544ecdef14bd36cd3abed7f3dc9bea72e3d6e56e3c91d5ee2f,0,2026-09-12T19:40:36Z
data/raw/transfermarkt_pages/862_2023_transfers.html,862,Chievo Verona,2023,https://www.transfermarkt.com/-/transfers/verein/862/saison_id/2023,115480,e62e8205b587070ba686e53512552016de268857368a5c915a260bb31c5f056c,0,2026-09-12T19:40:43Z
data/raw/transfermarkt_pages/4083_2017_transfers.html,4083,FC Crotone,2017,https://www.transfermarkt.com/-/transfers/verein/4083/saison_id/2017,245077,11785458b5a1213ee59bf5b068f23d1db8ce87f12e86d4b94cf615663687eb4f,68,2026-09-12T19:40:49Z
data/raw/transfermarkt_pages/4083_2018_transfers.html,4083,FC Crotone,2018,https://www.transfermarkt.com/-/transfers/verein/4083/saison_id/2018,275147,60d5d48b82b7b465dc8d305ba637705c3ab87ed9fbc11d3fc0ef8306c88d73fc,84,2026-09-12T19:40:56Z
data/raw/transfermarkt_pages/4083_2019_transfers.html,4083,FC Crotone,2019,https://www.transfermarkt.com/-/transfers/verein/4083/saison_id/2019,226894,ede4b0ba13c5b0951c97c618ab3b5f7870196b76dd4a8ac227b90fbfd7ea9a8e,58,2026-09-12T19:41:02Z
data/raw/transfermarkt_pages/4083_2020_transfers.html,4083,FC Crotone,2020,https://www.transfermarkt.com/-/transfers/verein/4083/saison_id/2020,242907,fabd535b4f3b223f9b0d7e6aac3160ffbcd79807036c5cdae0f4bf0612924732,66,2026-09-12T19:41:08Z
data/raw/transfermarkt_pages/4083_2021_transfers.html,4083,FC Crotone,2021,https://www.transfermarkt.com/-/transfers/verein/4083/saison_id/2021,287898,e2524067b576799a832dc8f9fb88951215bc0bcdb7b09d0ee88da4905acb7d01,91,2026-09-12T19:41:14Z
data/raw/transfermarkt_pages/4083_2022_transfers.html,4083,FC Crotone,2022,https://www.transfermarkt.com/-/transfers/verein/4083/saison_id/2022,266019,fb6ec95771c2a77e71474418f92edfd98a8c5da451bab24ede6bad3809a9617c,79,2026-09-12T19:41:21Z
data/raw/transfermarkt_pages/4083_2023_transfers.html,4083,FC Crotone,2023,https://www.transfermarkt.com/-/transfers/verein/4083/saison_id/2023,250066,22c7ac74a869f73dc4c7d5508fd10c8d5feab4f0d24875847893ca0a6a2c9e20,70,2026-09-12T19:41:28Z
data/raw/transfermarkt_pages/749_2017_transfers.html,749,FC Empoli,2017,https://www.transfermarkt.com/-/transfers/verein/749/saison_id/2017,280266,b977a59688515065cb525db4ab38f77f201244b23f04f710d6606579eab290b7,85,2026-09-12T19:41:34Z
data/raw/transfermarkt_pages/749_2018_transfers.html,749,FC Empoli,2018,https://www.transfermarkt.com/-/transfers/verein/749/saison_id/2018,282826,2d86dac5bcd762de3d5947deb9f1cee592942462b8d73f3934ea51abb76ba33b,86,2026-09-12T19:41:41Z
data/raw/transfermarkt_pages/749_2019_transfers.html,749,FC Empoli,2019,https://www.transfermarkt.com/-/transfers/verein/749/saison_id/2019,311131,74b50f16933a766abad9fc93fc943b737cee6e9028c48f70e1e605d4301ffddc,102,2026-09-12T19:41:48Z
data/raw/transfermarkt_pages/749_2020_transfers.html,749,FC Empoli,2020,https://www.transfermarkt.com/-/transfers/verein/749/saison_id/2020,237077,ae7cad0ebc699e190fe26c62546e7f3b443dc5a7a38b747c54330610cbb76e61,61,2026-09-12T19:41:53Z
data/raw/transfermarkt_pages/749_2021_transfers.html,749,FC Empoli,2021,https://www.transfermarkt.com/-/transfers/verein/749/saison_id/2021,269260,484dcfebfa7f57f7d0d5147bfed7a8171c652cbf5923082ac5d48a051500d7eb,79,2026-09-12T19:41:59Z
data/raw/transfermarkt_pages/749_2022_transfers.html,749,FC Empoli,2022,https://www.transfermarkt.com/-/transfers/verein/749/saison_id/2022,313852,3d75f82bd1b6c3403aa8772a2c6cbf7d366f8977d2f7494b16d8e015f5fd3830,103,2026-09-12T19:42:07Z
data/raw/transfermarkt_pages/749_2023_transfers.html,749,FC Empoli,2023,https://www.transfermarkt.com/-/transfers/verein/749/saison_id/2023,282954,118b0ded1198cf7ffe55afa8e4968076526d6fae7d334f2637e48f5f664cf956,86,2026-09-12T19:42:13Z
data/raw/transfermarkt_pages/8970_2017_transfers.html,8970,Frosinone Calcio,2017,https://www.transfermarkt.com/-/transfers/verein/8970/saison_id/2017,162728,7e18e851dd17d6b20013a727033388a9e1b2e0748e4c85c34fd15daa96f6f901,22,2026-09-12T19:42:19Z
data/raw/transfermarkt_pages/8970_2018_transfers.html,8970,Frosinone Calcio,2018,https://www.transfermarkt.com/-/transfers/verein/8970/saison_id/2018,209872,45e1f5d36df792c470d82a981dcba2bb6256fb8df30aaf80850e2a47fe46d016,49,2026-09-12T19:42:26Z
data/raw/transfermarkt_pages/8970_2019_transfers.html,8970,Frosinone Calcio,2019,https://www.transfermarkt.com/-/transfers/verein/8970/saison_id/2019,205497,75bc37a6c05813d09eab2aeaaa214a5b7ba693282cef420697ee51b45116c134,46,2026-09-12T19:42:32Z
data/raw/transfermarkt_pages/8970_2020_transfers.html,8970,Frosinone Calcio,2020,https://www.transfermarkt.com/-/transfers/verein/8970/saison_id/2020,199283,797655f47cd3fd98cfbebc12e3a200262bd8d5095d06a0337bf770976575614a,42,2026-09-12T19:42:39Z
data/raw/transfermarkt_pages/8970_2021_transfers.html,8970,Frosinone Calcio,2021,https://www.transfermarkt.com/-/transfers/verein/8970/saison_id/2021,266108,35043bdd6c41b7333854f4978471e6cdf6000da66027380ced44e38d03239730,79,2026-09-12T19:42:45Z
data/raw/transfermarkt_pages/8970_2022_transfers.html,8970,Frosinone Calcio,2022,https://www.transfermarkt.com/-/transfers/verein/8970/saison_id/2022,274508,6d2e023b731b10386fca53e26617ce464efee0dc80f78fe87697b4b251867280,83,2026-09-12T19:42:51Z
data/raw/transfermarkt_pages/8970_2023_transfers.html,8970,Frosinone Calcio,2023,https://www.transfermarkt.com/-/transfers/verein/8970/saison_id/2023,280862,6bc3397b03c03c00f1398a8ecc48cc1675ff97e40fd5f0854914863e61c77e12,87,2026-09-12T19:42:58Z
data/raw/transfermarkt_pages/252_2017_transfers.html,252,Genoa CFC,2017,https://www.transfermarkt.com/-/transfers/verein/252/saison_id/2017,338370,c60d1f1de9da0f6bb807ae7728333ce4fba3be663ac5cc5f813d84f1c8e96141,113,2026-09-12T19:43:05Z
data/raw/transfermarkt_pages/252_2018_transfers.html,252,Genoa CFC,2018,https://www.transfermarkt.com/-/transfers/verein/252/saison_id/2018,387753,fab1da92d8ba4fe81a7a0c61d6dad3d6ef62b24af820c623d1dbdf6de239ad83,140,2026-09-12T19:43:11Z
data/raw/transfermarkt_pages/252_2019_transfers.html,252,Genoa CFC,2019,https://www.transfermarkt.com/-/transfers/verein/252/saison_id/2019,404549,8858825b5ca0291bde3c3f11121fe0e4f928cd96dc6ee7000caaa4b70874781c,149,2026-09-12T19:43:17Z
data/raw/transfermarkt_pages/252_2020_transfers.html,252,Genoa CFC,2020,https://www.transfermarkt.com/-/transfers/verein/252/saison_id/2020,356375,a355e3e73a9a9cd4e350e96c4906890096d83b97fcda6ddf6d25f7c1b97ba904,123,2026-09-12T19:43:24Z
data/raw/transfermarkt_pages/252_2021_transfers.html,252,Genoa CFC,2021,https://www.transfermarkt.com/-/transfers/verein/252/saison_id/2021,387245,bc997974ec1106a7249d2040ed4a5fd737455a7813eb067345d324dbea18e6d1,139,2026-09-12T19:43:29Z
data/raw/transfermarkt_pages/252_2022_transfers.html,252,Genoa CFC,2022,https://www.transfermarkt.com/-/transfers/verein/252/saison_id/2022,357389,08492739797e5eec1a658ca4fa544277516f6e9a3b6c68b90836d8b801e7bb34,123,2026-09-12T19:43:36Z
data/raw/transfermarkt_pages/252_2023_transfers.html,252,Genoa CFC,2023,https://www.transfermarkt.com/-/transfers/verein/252/saison_id/2023,321096,b0bf27e8089210771f4f3d7c34ac781952d2abc62c184899d5f38d1f81257470,104,2026-09-12T19:43:43Z
data/raw/transfermarkt_pages/276_2017_transfers.html,276,Hellas Verona,2017,https://www.transfermarkt.com/-/transfers/verein/276/saison_id/2017,256867,ebe736e9e14583f3af7af28f215ad52826510d11d545bc03a438da3e4cd25138,71,2026-09-12T19:43:50Z
data/raw/transfermarkt_pages/276_2018_transfers.html,276,Hellas Verona,2018,https://www.transfermarkt.com/-/transfers/verein/276/saison_id/2018,295467,e46dd3511bffcdfc503bb71947405b37aecb3977690933bd52f49763bc3c97d6,92,2026-09-12T19:43:55Z
data/raw/transfermarkt_pages/276_2019_transfers.html,276,Hellas Verona,2019,https://www.transfermarkt.com/-/transfers/verein/276/saison_id/2019,337280,0c32196f401c16f3a7508850596c9d672461f4202660af6b49ff7a0022e1f590,114,2026-09-12T19:44:02Z
data/raw/transfermarkt_pages/276_2020_transfers.html,276,Hellas Verona,2020,https://www.transfermarkt.com/-/transfers/verein/276/saison_id/2020,316990,04558cc034f06c8efef123314842c8d13403512dcd85c603fa69acd821a80584,104,2026-09-12T19:44:08Z
data/raw/transfermarkt_pages/276_2021_transfers.html,276,Hellas Verona,2021,https://www.transfermarkt.com/-/transfers/verein/276/saison_id/2021,272696,4e34ee98266ae3cab180e65acd3ea08316eb45326dd429263d069b16bb3875b0,79,2026-09-12T19:44:14Z
data/raw/transfermarkt_pages/276_2022_transfers.html,276,Hellas Verona,2022,https://www.transfermarkt.com/-/transfers/verein/276/saison_id/2022,287372,adbdbe32734f2cf2af612e77216a9b70541c1dfe35a716bcf1484859ec69ce46,87,2026-09-12T19:44:19Z
data/raw/transfermarkt_pages/276_2023_transfers.html,276,Hellas Verona,2023,https://www.transfermarkt.com/-/transfers/verein/276/saison_id/2023,292835,6fe505942353e7b3417ca097ed1ad2691e68836e7120da4e753d03066a308dc1,89,2026-09-12T19:44:27Z
data/raw/transfermarkt_pages/46_2017_transfers.html,46,Inter Milan,2017,https://www.transfermarkt.com/-/transfers/verein/46/saison_id/2017,358429,a83eb716cbeeea6a30343dd8883c211260f08ca5b09dcc1022763749e9077848,124,2026-09-12T19:44:33Z
data/raw/transfermarkt_pages/46_2018_transfers.html,46,Inter Milan,2018,https://www.transfermarkt.com/-/transfers/verein/46/saison_id/2018,325786,03f7acbbd6bcbb214042497aa4c0c4095e0aa1d0bb2e0c82ebb1a7c7162c2ea0,106,2026-09-12T19:44:40Z
data/raw/transfermarkt_pages/46_2019_transfers.html,46,Inter Milan,2019,https://www.transfermarkt.com/-/transfers/verein/46/saison_id/2019,313635,98f3143cc2f6f96becea6e072b18334188b9c69e37743afa488ab10eda669bc4,99,2026-09-12T19:44:46Z
data/raw/transfermarkt_pages/46_2020_transfers.html,46,Inter Milan,2020,https://www.transfermarkt.com/-/transfers/verein/46/saison_id/2020,268391,59f150a7ddfbe71348610bc6cc38244fc40e4e570d7d0237c8439b9d567b735b,76,2026-09-12T19:44:54Z
data/raw/transfermarkt_pages/46_2021_transfers.html,46,Inter Milan,2021,https://www.transfermarkt.com/-/transfers/verein/46/saison_id/2021,259765,12ab80ce4d7e6d72f669eca20f919b4deb5d6472c365e46607d185593feab8f5,69,2026-09-12T19:45:00Z
data/raw/transfermarkt_pages/46_2022_transfers.html,46,Inter Milan,2022,https://www.transfermarkt.com/-/transfers/verein/46/saison_id/2022,309016,e0caa968bf652244eb5c9af37bc76a6c18398619fc90f58ecd354a0ed64bbed7,96,2026-09-12T19:45:06Z
data/raw/transfermarkt_pages/46_2023_transfers.html,46,Inter Milan,2023,https://www.transfermarkt.com/-/transfers/verein/46/saison_id/2023,317904,1fabf333ef8fcf7aad7b3d7788ff8e415a76ba9c7694c6b3ee9e2f34a74d1e57,101,2026-09-12T19:45:14Z
data/raw/transfermarkt_pages/506_2017_transfers.html,506,Juventus FC,2017,https://www.transfermarkt.com/-/transfers/verein/506/saison_id/2017,388862,4390d9a42e3f86f75d0a7195ce77dc7cd720e475b784a0f555a8fcf0ef22c19f,139,2026-09-12T19:45:21Z
data/raw/transfermarkt_pages/506_2018_transfers.html,506,Juventus FC,2018,https://www.transfermarkt.com/-/transfers/verein/506/saison_id/2018,271426,9595551e079506b5a7210c1393458102f71c89fdf36ee386ab257d898119d198,76,2026-09-12T19:45:28Z
data/raw/transfermarkt_pages/506_2019_transfers.html,506,Juventus FC,2019,https://www.transfermarkt.com/-/transfers/verein/506/saison_id/2019,217037,ca7684cf5380c2f6ed96d6d9727428f20bf31e052eb3cd3ab821ff339b3a8518,47,2026-09-12T19:45:34Z
data/raw/transfermarkt_pages/506_2020_transfers.html,506,Juventus FC,2020,https://www.transfermarkt.com/-/transfers/verein/506/saison_id/2020,205398,35274e49b950dc0f13a8d347a1c0e8d0f28fd3253c888dc1820f41b19471bd92,40,2026-09-12T19:45:41Z
data/raw/transfermarkt_pages/506_2021_transfers.html,506,Juventus FC,2021,https://www.transfermarkt.com/-/transfers/verein/506/saison_id/2021,201903,ce5e77615b8120e62cdf6dee4d2ade909a8bd3415610f4e60d38cbb074650150,38,2026-09-12T19:45:48Z
data/raw/transfermarkt_pages/506_2022_transfers.html,506,Juventus FC,2022,https://www.transfermarkt.com/-/transfers/verein/506/saison_id/2022,221704,44aa2c83662318ec5f3569ff1e5bc6bd4699d79e41402cee7191b3a03426130a,49,2026-09-12T19:45:54Z
data/raw/transfermarkt_pages/506_2023_transfers.html,506,Juventus FC,2023,https://www.transfermarkt.com/-/transfers/verein/506/saison_id/2023,233175,c53819a30a708296581ebede649e06869bb0ff4838bbf7aadfc45f04e2820849,55,2026-09-12T19:46:00Z
data/raw/transfermarkt_pages/130_2017_transfers.html,130,Parma Calcio 1913,2017,https://www.transfermarkt.com/-/transfers/verein/130/saison_id/2017,246847,568336c27de2d7b8a2e5a515102370b4756fe3c8934f448c4397cd70c3e63961,65,2026-09-12T19:46:07Z
data/raw/transfermarkt_pages/130_2018_transfers.html,130,Parma Calcio 1913,2018,https://www.transfermarkt.com/-/transfers/verein/130/saison_id/2018,309000,bf0329d1c2f25f1dd2f427a71ed5daf660a3006ccfd907d6bdb397000cf9247a,98,2026-09-12T19:46:14Z
data/raw/transfermarkt_pages/130_2019_transfers.html,130,Parma Calcio 1913,2019,https://www.transfermarkt.com/-/transfers/verein/130/saison_id/2019,399261,69770cd9917108467a1ece6f70c6c4156b2a1af42b46e209e8ab5e76f703a8ab,146,2026-09-12T19:46:21Z
data/raw/transfermarkt_pages/130_2020_transfers.html,130,Parma Calcio 1913,2020,https://www.transfermarkt.com/-/transfers/verein/130/saison_id/2020,332909,9a962714d6f20c7f6ae3f048e3079b93680d53ffc5bcc1e821039dfd72a725d5,111,2026-09-12T19:46:29Z
data/raw/transfermarkt_pages/130_2021_transfers.html,130,Parma Calcio 1913,2021,https://www.transfermarkt.com/-/transfers/verein/130/saison_id/2021,338356,a292f9757b12c82ee0bc903bda252ba811428a6eade9c0791e11d048a5e51746,114,2026-09-12T19:46:35Z
data/raw/transfermarkt_pages/130_2022_transfers.html,130,Parma Calcio 1913,2022,https://www.transfermarkt.com/-/transfers/verein/130/saison_id/2022,290216,363ba9d2f8123904c7b7d978c3a05f3ee4a17d44986e41aba6730d040502d5a4,88,2026-09-12T19:46:41Z
data/raw/transfermarkt_pages/130_2023_transfers.html,130,Parma Calcio 1913,2023,https://www.transfermarkt.com/-/transfers/verein/130/saison_id/2023,219752,276b701fbd07c406d6bf0e42e70750978ffc0733d521a79e032a04f3336b3995,50,2026-09-12T19:46:48Z
data/raw/transfermarkt_pages/2722_2017_transfers.html,2722,SPAL,2017,https://www.transfermarkt.com/-/transfers/verein/2722/saison_id/2017,239837,49879a0381d059a06baf4ea950fbc8b9e56c7e931cacf8289d0a543efd1cfabd,64,2026-09-12T19:46:55Z
data/raw/transfermarkt_pages/2722_2018_transfers.html,2722,SPAL,2018,https://www.transfermarkt.com/-/transfers/verein/2722/saison_id/2018,271600,cf590b910d240a88c9e9c9efc422a5b3c2530703cd4a9f66806f3a1f29ffbcd0,80,2026-09-12T19:47:02Z
data/raw/transfermarkt_pages/2722_2019_transfers.html,2722,SPAL,2019,https://www.transfermarkt.com/-/transfers/verein/2722/saison_id/2019,263030,b3f252b96dd7cc2ae621f9009c4000b784ef49c281b02c914a420390f4c82862,76,2026-09-12T19:47:08Z
data/raw/transfermarkt_pages/2722_2020_transfers.html,2722,SPAL,2020,https://www.transfermarkt.com/-/transfers/verein/2722/saison_id/2020,226808,8e3d8fb178d7bfe334786b5671f404f8f876e3d3f68cc815e882ffff08ecf6e8,57,2026-09-12T19:47:15Z
data/raw/transfermarkt_pages/2722_2021_transfers.html,2722,SPAL,2021,https://www.transfermarkt.com/-/transfers/verein/2722/saison_id/2021,240777,365ad946c335d16b32cb7f280721af4f7938c682a6d8e53090e93b6c68de1bb5,65,2026-09-12T19:47:22Z
data/raw/transfermarkt_pages/2722_2022_transfers.html,2722,SPAL,2022,https://www.transfermarkt.com/-/transfers/verein/2722/saison_id/2022,271923,f43ceaa5a9ebc69aa69e7e0112165fe7807607bac5275c0e7536246b0dd38c45,81,2026-09-12T19:47:29Z
data/raw/transfermarkt_pages/2722_2023_transfers.html,2722,SPAL,2023,https://www.transfermarkt.com/-/transfers/verein/2722/saison_id/2023,272282,5c8f051226d5eb3f06df4bacdd5482c2eb4b702c5b2731731fc532aa92526913,82,2026-09-12T19:47:35Z
data/raw/transfermarkt_pages/6195_2017_transfers.html,6195,SSC Napoli,2017,https://www.transfermarkt.com/-/transfers/verein/6195/saison_id/2017,251775,571a02b1506107d1acfc1a9ea28e5c3f71ad3fc038d0410918badae3d76d7114,67,2026-09-12T19:47:41Z
data/raw/transfermarkt_pages/6195_2018_transfers.html,6195,SSC Napoli,2018,https://www.transfermarkt.com/-/transfers/verein/6195/saison_id/2018,249046,47e9979e3d3eec7b180d7aef942f650517295b63d6593400ba6d4f7c86e58bfa,66,2026-09-12T19:47:47Z
data/raw/transfermarkt_pages/6195_2019_transfers.html,6195,SSC Napoli,2019,https://www.transfermarkt.com/-/transfers/verein/6195/saison_id/2019,292441,2f3115b7a6bddd4f128df3128a5574360b6a01ff04d5b7d523b906b33b21c07f,90,2026-09-12T19:47:53Z
data/raw/transfermarkt_pages/6195_2020_transfers.html,6195,SSC Napoli,2020,https://www.transfermarkt.com/-/transfers/verein/6195/saison_id/2020,267340,f4c2baf4bdb903c6130431b177a22011b67316357edf862cdb3044fe74e07e4d,75,2026-09-12T19:47:59Z
data/raw/transfermarkt_pages/6195_2021_transfers.html,6195,SSC Napoli,2021,https://www.transfermarkt.com/-/transfers/verein/6195/saison_id/2021,229060,6daf4d7dedfb89784990125fb90966e77c4927cb8eb328ccc44e02804be56907,54,2026-09-12T19:48:06Z
data/raw/transfermarkt_pages/6195_2022_transfers.html,6195,SSC Napoli,2022,https://www.transfermarkt.com/-/transfers/verein/6195/saison_id/2022,251383,b95043aa1c525bbecac48a152479debda536f65a05c29c8b03ca6764e9540112,66,2026-09-12T19:48:12Z
data/raw/transfermarkt_pages/6195_2023_transfers.html,6195,SSC Napoli,2023,https://www.transfermarkt.com/-/transfers/verein/6195/saison_id/2023,238457,3a55f15020cf4ba00b453f9ab1295c2612e94ea463c11bd1ca61d7d7548b57c8,59,2026-09-12T19:48:19Z
data/raw/transfermarkt_pages/398_2017_transfers.html,398,Società Sportiva Lazio S.p.A.,2017,https://www.transfermarkt.com/-/transfers/verein/398/saison_id/2017,226192,37ce9d8d99ca030859f384ad3fd65d0d75da05a15ee4d45dfeffcef0505f3d26,52,2026-09-12T19:48:25Z
data/raw/transfermarkt_pages/398_2018_transfers.html,398,Società Sportiva Lazio S.p.A.,2018,https://www.transfermarkt.com/-/transfers/verein/398/saison_id/2018,235672,21b8482c2948df4b8512d7d7f22917b4b06f1fb669996f8aa7922d7a9460ff8e,57,2026-09-12T19:48:31Z
data/raw/transfermarkt_pages/398_2019_transfers.html,398,Società Sportiva Lazio S.p.A.,2019,https://www.transfermarkt.com/-/transfers/verein/398/saison_id/2019,265545,45fd654a78f3f051d5e8f624f30333bf2bda058a0761f384a36fa412b1ce29fd,74,2026-09-12T19:48:38Z
data/raw/transfermarkt_pages/398_2020_transfers.html,398,Società Sportiva Lazio S.p.A.,2020,https://www.transfermarkt.com/-/transfers/verein/398/saison_id/2020,231679,eead6e744b5dfb260f90325bf6111b5559ca26274f95a01f56ffb9e3fe2962e8,55,2026-09-12T19:48:44Z
data/raw/transfermarkt_pages/398_2021_transfers.html,398,Società Sportiva Lazio S.p.A.,2021,https://www.transfermarkt.com/-/transfers/verein/398/saison_id/2021,255589,6792ad1bced571a21992251dba5da2d4ab6a9f753b708ea83f742fab2bbe6db0,68,2026-09-12T19:48:50Z
data/raw/transfermarkt_pages/398_2022_transfers.html,398,Società Sportiva Lazio S.p.A.,2022,https://www.transfermarkt.com/-/transfers/verein/398/saison_id/2022,269778,57451a06e0782a5b79b4ae1eb5509f1d6e3578a1b70bbede41a73cceae015e45,75,2026-09-12T19:48:57Z
data/raw/transfermarkt_pages/398_2023_transfers.html,398,Società Sportiva Lazio S.p.A.,2023,https://www.transfermarkt.com/-/transfers/verein/398/saison_id/2023,226620,3fe6fd28624dc55eecc71247464fe29bbd8da0d99dc943a2a1dcff1d930f9a1d,53,2026-09-12T19:49:04Z
data/raw/transfermarkt_pages/3522_2017_transfers.html,3522,Spezia Calcio,2017,https://www.transfermarkt.com/-/transfers/verein/3522/saison_id/2017,264717,da6f70a6c8d62971313d75f7c7078eba60bbcb1a448fe3e7ee53beb31f631fcb,75,2026-09-12T19:49:10Z
data/raw/transfermarkt_pages/3522_2018_transfers.html,3522,Spezia Calcio,2018,https://www.transfermarkt.com/-/transfers/verein/3522/saison_id/2018,254883,502a780fd94380368c6e7e71b44a57dd51c5f0bcad1c7f4a69c158b59d75ea9b,70,2026-09-12T19:49:16Z
data/raw/transfermarkt_pages/3522_2019_transfers.html,3522,Spezia Calcio,2019,https://www.transfermarkt.com/-/transfers/verein/3522/saison_id/2019,239918,118df1fa1de81f3b0e55676cba1079a47c6f5a424e1b481397064b5ce8396e77,61,2026-09-12T19:49:23Z
data/raw/transfermarkt_pages/3522_2020_transfers.html,3522,Spezia Calcio,2020,https://www.transfermarkt.com/-/transfers/verein/3522/saison_id/2020,246590,6f40b3f63952d55a5530f9ae1b4fb2e6c407e528692296dd347416b102fe4a4e,64,2026-09-12T19:49:28Z
data/raw/transfermarkt_pages/3522_2021_transfers.html,3522,Spezia Calcio,2021,https://www.transfermarkt.com/-/transfers/verein/3522/saison_id/2021,268028,92d44436c097a7164f1da0c3c39ded44169833258b3064be6b922df944415f13,76,2026-09-12T19:49:35Z
data/raw/transfermarkt_pages/3522_2022_transfers.html,3522,Spezia Calcio,2022,https://www.transfermarkt.com/-/transfers/verein/3522/saison_id/2022,249918,2c97fa4e5e5b3960bafc5410f961876b81d40d72d9ca2e38dea0d2632322b6ca,66,2026-09-12T19:49:42Z
data/raw/transfermarkt_pages/3522_2023_transfers.html,3522,Spezia Calcio,2023,https://www.transfermarkt.com/-/transfers/verein/3522/saison_id/2023,270599,339399c73b8c1a6c3d13ca11a353939da5ee076dbca05af51b018d2ea204777d,77,2026-09-12T19:49:49Z
data/raw/transfermarkt_pages/416_2017_transfers.html,416,Torino FC,2017,https://www.transfermarkt.com/-/transfers/verein/416/saison_id/2017,271223,2c2dde4d5d41cd81026571222a57d085fac2161bd128f6397a579b4b8952f96e,77,2026-09-12T19:49:56Z
data/raw/transfermarkt_pages/416_2018_transfers.html,416,Torino FC,2018,https://www.transfermarkt.com/-/transfers/verein/416/saison_id/2018,304970,ae50d9c4afa661cc3691935534ec51f4873853e466324258258aa72a2bd72dde,95,2026-09-12T19:50:01Z
data/raw/transfermarkt_pages/416_2019_transfers.html,416,Torino FC,2019,https://www.transfermarkt.com/-/transfers/verein/416/saison_id/2019,280833,c34d3ca61f4059fd342eb30a6ebe1fafdf0dc8f437bdbe4131ac1f81548f7189,82,2026-09-12T19:50:08Z
data/raw/transfermarkt_pages/416_2020_transfers.html,416,Torino FC,2020,https://www.transfermarkt.com/-/transfers/verein/416/saison_id/2020,247143,8b0a6f3e1993d811d867e0b3c2debfe54133a513db3454c11c997b35a481d90b,64,2026-09-12T19:50:14Z
data/raw/transfermarkt_pages/416_2021_transfers.html,416,Torino FC,2021,https://www.transfermarkt.com/-/transfers/verein/416/saison_id/2021,239073,a9f5477bcb01bff6412b4edbc964ecdbbca29eb6f85b983b55ddd02df18dba6e,60,2026-09-12T19:50:21Z
data/raw/transfermarkt_pages/416_2022_transfers.html,416,Torino FC,2022,https://www.transfermarkt.com/-/transfers/verein/416/saison_id/2022,256408,7c797f55ddd59e0ddbc6ea2c1ae1141a1036f1e062442346fbe75995d3528919,69,2026-09-12T19:50:26Z
data/raw/transfermarkt_pages/416_2023_transfers.html,416,Torino FC,2023,https://www.transfermarkt.com/-/transfers/verein/416/saison_id/2023,244910,e996139a104d90d0d8d7d09ed1fada807f2688f74dbe0714846f9198f84d31e5,63,2026-09-12T19:50:34Z
data/raw/transfermarkt_pages/1038_2017_transfers.html,1038,UC Sampdoria,2017,https://www.transfermarkt.com/-/transfers/verein/1038/saison_id/2017,279383,1a2b48876807e4476ed1b455297985920d62dea8780430674846424877fa951d,84,2026-09-12T19:50:41Z
data/raw/transfermarkt_pages/1038_2018_transfers.html,1038,UC Sampdoria,2018,https://www.transfermarkt.com/-/transfers/verein/1038/saison_id/2018,288741,06a843fe490e23c77a3dc2658a0f25041ac839353be67771d0b706038621e393,89,2026-09-12T19:50:46Z
data/raw/transfermarkt_pages/1038_2019_transfers.html,1038,UC Sampdoria,2019,https://www.transfermarkt.com/-/transfers/verein/1038/saison_id/2019,298868,0510b091663b4f069217a2018e7d2dc5985d656a65cfb1192ab134e5e81ab1eb,94,2026-09-12T19:50:53Z
data/raw/transfermarkt_pages/1038_2020_transfers.html,1038,UC Sampdoria,2020,https://www.transfermarkt.com/-/transfers/verein/1038/saison_id/2020,256353,fbdfc061c214ab1ded2aaf17f2aa1ff2e0893a9c8aa6c3998b61575e3dd0279b,71,2026-09-12T19:50:59Z
data/raw/transfermarkt_pages/1038_2021_transfers.html,1038,UC Sampdoria,2021,https://www.transfermarkt.com/-/transfers/verein/1038/saison_id/2021,276623,5ceda6c7fa323bd898b4d00021c6443bedd13fe8030fba3d1cbbf845978825a6,82,2026-09-12T19:51:06Z
data/raw/transfermarkt_pages/1038_2022_transfers.html,1038,UC Sampdoria,2022,https://www.transfermarkt.com/-/transfers/verein/1038/saison_id/2022,314048,2db037dfa767c89a3d6e4ec7548f8fb2bf46203d841dd1dc8dcfbf10373667da,103,2026-09-12T19:51:13Z
data/raw/transfermarkt_pages/1038_2023_transfers.html,1038,UC Sampdoria,2023,https://www.transfermarkt.com/-/transfers/verein/1038/saison_id/2023,308008,9941714c3acbdbc9fabf113aad7a53d96c35b483863f97ccc0e54b701126fd6a,100,2026-09-12T19:51:19Z
data/raw/transfermarkt_pages/2239_2017_transfers.html,2239,US Cremonese,2017,https://www.transfermarkt.com/-/transfers/verein/2239/saison_id/2017,250676,cd01d404d2d10da84776f80d14ba663c21dc5c9c7cbf8326e783e49dd22fa9f6,68,2026-09-12T19:51:26Z
data/raw/transfermarkt_pages/2239_2018_transfers.html,2239,US Cremonese,2018,https://www.transfermarkt.com/-/transfers/verein/2239/saison_id/2018,256059,468611e5b23340675155ad73919bbb6944e020439cd7051adcf4bb24df8e1ec1,71,2026-09-12T19:51:32Z
data/raw/transfermarkt_pages/2239_2019_transfers.html,2239,US Cremonese,2019,https://www.transfermarkt.com/-/transfers/verein/2239/saison_id/2019,200331,e305296ffc33c68627190914a2ee61477b7acdd94ae8e34bf84ac158d7c356f0,41,2026-09-12T19:51:38Z
data/raw/transfermarkt_pages/2239_2020_transfers.html,2239,US Cremonese,2020,https://www.transfermarkt.com/-/transfers/verein/2239/saison_id/2020,187441,0e96769d3459de305ba2cfdef5017031de708fa5001ffa888b2174ee26522d95,34,2026-09-12T19:51:44Z
data/raw/transfermarkt_pages/2239_2021_transfers.html,2239,US Cremonese,2021,https://www.transfermarkt.com/-/transfers/verein/2239/saison_id/2021,235011,362c1073371167f3ad5674097c431dc009771f69009b4a5b0369ff353f4dd870,60,2026-09-12T19:51:51Z
data/raw/transfermarkt_pages/2239_2022_transfers.html,2239,US Cremonese,2022,https://www.transfermarkt.com/-/transfers/verein/2239/saison_id/2022,277213,8de8a8157039896ffcf25350d7688715fa03450db2a94899ce3b3c4ee63c1645,82,2026-09-12T19:51:58Z
data/raw/transfermarkt_pages/2239_2023_transfers.html,2239,US Cremonese,2023,https://www.transfermarkt.com/-/transfers/verein/2239/saison_id/2023,276365,1f1e52ed02bee845f8a100f35fbbb8e92488a551637bd80cf625386ed8603a28,81,2026-09-12T19:52:04Z
data/raw/transfermarkt_pages/1005_2017_transfers.html,1005,US Lecce,2017,https://www.transfermarkt.com/-/transfers/verein/1005/saison_id/2017,224569,bcf95963ae41633b9737357e0d303f37cf1e7a8eb7c0a5c9f60fe393fb178c9c,54,2026-09-12T19:52:11Z
data/raw/transfermarkt_pages/1005_2018_transfers.html,1005,US Lecce,2018,https://www.transfermarkt.com/-/transfers/verein/1005/saison_id/2018,260373,f1487dc15eb8cf1c5693c22a15cc4ff018f02e7a6dd042bf4efb25e396c711de,74,2026-09-12T19:52:18Z
data/raw/transfermarkt_pages/1005_2019_transfers.html,1005,US Lecce,2019,https://www.transfermarkt.com/-/transfers/verein/1005/saison_id/2019,256987,0c20f15bd20f16d144b2fb0743b3f01389fdc868ee2f586d8cd612112080475b,72,2026-09-12T19:52:24Z
data/raw/transfermarkt_pages/1005_2020_transfers.html,1005,US Lecce,2020,https://www.transfermarkt.com/-/transfers/verein/1005/saison_id/2020,239906,cf4366fd6476176758e5210e02fe8ce6ec9687069ba5c03b2fdcaed9a55a7ed9,63,2026-09-12T19:52:30Z
data/raw/transfermarkt_pages/1005_2021_transfers.html,1005,US Lecce,2021,https://www.transfermarkt.com/-/transfers/verein/1005/saison_id/2021,240102,4ebedcec796e6dc9f512f2df12607e47127e71df9a43d1df932e95390ec89934,63,2026-09-12T19:52:36Z
data/raw/transfermarkt_pages/1005_2022_transfers.html,1005,US Lecce,2022,https://www.transfermarkt.com/-/transfers/verein/1005/saison_id/2022,235782,e4c3d0fd062c71086cdf312d1507db8010c256c279e4750d1175788565ff1055,61,2026-09-12T19:52:42Z
data/raw/transfermarkt_pages/1005_2023_transfers.html,1005,US Lecce,2023,https://www.transfermarkt.com/-/transfers/verein/1005/saison_id/2023,239739,b41ca8dc844b00eb7164ac6d02cb5672ad6621bd35654bf1b26c2ffc5008caf7,62,2026-09-12T19:52:48Z
data/raw/transfermarkt_pages/380_2017_transfers.html,380,US Salernitana 1919,2017,https://www.transfermarkt.com/-/transfers/verein/380/saison_id/2017,239426,209f6a23aca1fd5979656ca413045d8faf0992500740685296280bfc39742f99,62,2026-09-12T19:52:56Z
data/raw/transfermarkt_pages/380_2018_transfers.html,380,US Salernitana 1919,2018,https://www.transfermarkt.com/-/transfers/verein/380/saison_id/2018,280763,00bf520f31d2f7456f4402466740c581656e5124dee6cc0542199db509e277a4,83,2026-09-12T19:53:02Z
data/raw/transfermarkt_pages/380_2019_transfers.html,380,US Salernitana 1919,2019,https://www.transfermarkt.com/-/transfers/verein/380/saison_id/2019,253075,85a7fb7227eb70a807c424d95e9839c93964f10a87027c45075e18b55185ee18,69,2026-09-12T19:53:08Z
data/raw/transfermarkt_pages/380_2020_transfers.html,380,US Salernitana 1919,2020,https://www.transfermarkt.com/-/transfers/verein/380/saison_id/2020,265578,5eedf4a2822e55331cba2b3723c4e51e82a9f7558a8083508f8dc2f16adcaab8,76,2026-09-12T19:53:16Z
data/raw/transfermarkt_pages/380_2021_transfers.html,380,US Salernitana 1919,2021,https://www.transfermarkt.com/-/transfers/verein/380/saison_id/2021,317659,c018fd8edf010d05e10d2f32e9b06c6fff64cc1667e10fa601c0df648bd6bc4f,104,2026-09-12T19:53:23Z
data/raw/transfermarkt_pages/380_2022_transfers.html,380,US Salernitana 1919,2022,https://www.transfermarkt.com/-/transfers/verein/380/saison_id/2022,307353,6eb18b8c13c8a6a9fd881399705c4263075421939d80c8c85f577c0ae2e4eade,98,2026-09-12T19:53:29Z
data/raw/transfermarkt_pages/380_2023_transfers.html,380,US Salernitana 1919,2023,https://www.transfermarkt.com/-/transfers/verein/380/saison_id/2023,245822,1b0bbfe95d3c854acab93174d07610833f8a9e1469541890b23273c7a135174d,64,2026-09-12T19:53:35Z
data/raw/transfermarkt_pages/6574_2017_transfers.html,6574,US Sassuolo,2017,https://www.transfermarkt.com/-/transfers/verein/6574/saison_id/2017,243692,16d5ed2ac87b0dfe8d999252f3f97bca10b8c1a22b2c9e19875798086fcf1558,67,2026-09-12T19:53:41Z
data/raw/transfermarkt_pages/6574_2018_transfers.html,6574,US Sassuolo,2018,https://www.transfermarkt.com/-/transfers/verein/6574/saison_id/2018,272037,95fd1cc1ed3a91c4facdb803ae48d07dd162be3fa4b19989a720ad281972bde4,82,2026-09-12T19:53:48Z
data/raw/transfermarkt_pages/6574_2019_transfers.html,6574,US Sassuolo,2019,https://www.transfermarkt.com/-/transfers/verein/6574/saison_id/2019,313370,9a81dae97f3f87276c80175c3434d1d98958c3b352b84621495798f3b11a3665,105,2026-09-12T19:53:55Z
data/raw/transfermarkt_pages/6574_2020_transfers.html,6574,US Sassuolo,2020,https://www.transfermarkt.com/-/transfers/verein/6574/saison_id/2020,262897,809d0f84e469d5c9d498d242a32349fc8bc5bd83f1004f1f8e78e1bbff2797f1,77,2026-09-12T19:54:02Z
data/raw/transfermarkt_pages/6574_2021_transfers.html,6574,US Sassuolo,2021,https://www.transfermarkt.com/-/transfers/verein/6574/saison_id/2021,296179,b4b97932f11cac00a33315fca1c3080bc0e4cc807160e9dd8d2ce30e8b62a125,95,2026-09-12T19:54:08Z
data/raw/transfermarkt_pages/6574_2022_transfers.html,6574,US Sassuolo,2022,https://www.transfermarkt.com/-/transfers/verein/6574/saison_id/2022,299810,eacd8d79a05530f7a28c714f2d74c196779bab2735f4fef39061bcbf248eda34,97,2026-09-12T19:54:14Z
data/raw/transfermarkt_pages/6574_2023_transfers.html,6574,US Sassuolo,2023,https://www.transfermarkt.com/-/transfers/verein/6574/saison_id/2023,291538,d0d2fd4c57c61f6292ce7b62c6736299d32337f884ffa93fa5dc8c08c0f3ab00,93,2026-09-12T19:54:21Z
data/raw/transfermarkt_pages/410_2017_transfers.html,410,Udinese Calcio,2017,https://www.transfermarkt.com/-/transfers/verein/410/saison_id/2017,261771,0438a4f2dcc7526cadcc68441bb9e4727909d83071afc3df0aee477f629d840b,72,2026-09-12T19:54:27Z
data/raw/transfermarkt_pages/410_2018_transfers.html,410,Udinese Calcio,2018,https://www.transfermarkt.com/-/transfers/verein/410/saison_id/2018,289286,02dcd0d02cc950f2ed14e274ff9f949d5e1ee37c653c6a1ca732e917be48a92d,87,2026-09-12T19:54:35Z
data/raw/transfermarkt_pages/410_2019_transfers.html,410,Udinese Calcio,2019,https://www.transfermarkt.com/-/transfers/verein/410/saison_id/2019,274633,41c3ee1ea0d67c062efe72fd6fabe2c706242ea87a402d4b95232699c84211b4,79,2026-09-12T19:54:42Z
data/raw/transfermarkt_pages/410_2020_transfers.html,410,Udinese Calcio,2020,https://www.transfermarkt.com/-/transfers/verein/410/saison_id/2020,239130,9700e8c735acd50c8480fd3b2e8c1471053ad1f6727b691ff2c1bb066cd4f24a,60,2026-09-12T19:54:49Z
data/raw/transfermarkt_pages/410_2021_transfers.html,410,Udinese Calcio,2021,https://www.transfermarkt.com/-/transfers/verein/410/saison_id/2021,229536,760b8d3c696b9678e3e24fbd5a1cf0f1d389587e1032a6a7c1326d4b574a899d,55,2026-09-12T19:54:56Z
data/raw/transfermarkt_pages/410_2022_transfers.html,410,Udinese Calcio,2022,https://www.transfermarkt.com/-/transfers/verein/410/saison_id/2022,236288,9df225e509a5a5fcb53f9b9c3a7832a118795385aee4494c1b99628468846833,58,2026-09-12T19:55:02Z
data/raw/transfermarkt_pages/410_2023_transfers.html,410,Udinese Calcio,2023,https://www.transfermarkt.com/-/transfers/verein/410/saison_id/2023,225681,48a44d68454e1e6a1741339f17bce1ec0ec95e4ac930ca2f85471d73771a9a3a,52,2026-09-12T19:55:09Z
data/raw/transfermarkt_pages/607_2017_transfers.html,607,Venezia FC,2017,https://www.transfermarkt.com/-/transfers/verein/607/saison_id/2017,214860,d26ce05b8042c9ef50a9fcb6e4ccef6904e370bdf8c29746dfa84344dcea0b5d,48,2026-09-12T19:55:16Z
data/raw/transfermarkt_pages/607_2018_transfers.html,607,Venezia FC,2018,https://www.transfermarkt.com/-/transfers/verein/607/saison_id/2018,243880,b74f49443fa597cf96be566b5d8c9d660c23abf817e7cce5e0f006e104b3b770,64,2026-09-12T19:55:23Z
data/raw/transfermarkt_pages/607_2019_transfers.html,607,Venezia FC,2019,https://www.transfermarkt.com/-/transfers/verein/607/saison_id/2019,241058,96794d9669244f3659e23f96487d5de9b6e0506a973b6adbd28ec6f7beddbab0,63,2026-09-12T19:55:29Z
data/raw/transfermarkt_pages/607_2020_transfers.html,607,Venezia FC,2020,https://www.transfermarkt.com/-/transfers/verein/607/saison_id/2020,219982,58472c4b2565f515303a45004bea394707b0ba369d71e3318f8025f726abecd9,50,2026-09-12T19:55:35Z
data/raw/transfermarkt_pages/607_2021_transfers.html,607,Venezia FC,2021,https://www.transfermarkt.com/-/transfers/verein/607/saison_id/2021,259578,6733b0143c1f68457d13466fd81cb4c93592020853cfee1b5f7a66932ebc7f7d,71,2026-09-12T19:55:41Z
data/raw/transfermarkt_pages/607_2022_transfers.html,607,Venezia FC,2022,https://www.transfermarkt.com/-/transfers/verein/607/saison_id/2022,296955,cd63d0e9be99122aeec116edf761d49049c83c0377601af2ac311960359c6487,91,2026-09-12T19:55:48Z
data/raw/transfermarkt_pages/607_2023_transfers.html,607,Venezia FC,2023,https://www.transfermarkt.com/-/transfers/verein/607/saison_id/2023,237877,62c76a709faac29b552af9ec5766178e5776673e5052daf69d30c640c435f9f7,59,2026-09-12T19:55:55Z
data/raw/transfermarkt_pages/621_2017_transfers.html,621,Athletic Bilbao,2017,https://www.transfermarkt.com/-/transfers/verein/621/saison_id/2017,164118,65149ebf486a09997f87244a92b9e5c580348811fc6651a0c6135a775522ceed,18,2026-09-12T19:56:00Z
data/raw/transfermarkt_pages/621_2018_transfers.html,621,Athletic Bilbao,2018,https://www.transfermarkt.com/-/transfers/verein/621/saison_id/2018,166577,d28ea6ef5d2497d939842d26bcdfa57dde30b42e3402a83da2397d3efa1e851d,20,2026-09-12T19:56:07Z
data/raw/transfermarkt_pages/621_2019_transfers.html,621,Athletic Bilbao,2019,https://www.transfermarkt.com/-/transfers/verein/621/saison_id/2019,169822,0836aa297f337529b1cac3270ae625d9e9d519054b9ae26ee397f4b725d376cf,22,2026-09-12T19:56:14Z
data/raw/transfermarkt_pages/621_2020_transfers.html,621,Athletic Bilbao,2020,https://www.transfermarkt.com/-/transfers/verein/621/saison_id/2020,169436,b8a7c62dfd75e3889783d48005eaa773abd38241e6fee1fed972845418fc0bf6,21,2026-09-12T19:56:21Z
data/raw/transfermarkt_pages/621_2021_transfers.html,621,Athletic Bilbao,2021,https://www.transfermarkt.com/-/transfers/verein/621/saison_id/2021,158335,a1c215f4c5035d45696c89e137eb209610df0919d90c0a5275176e0c7cfc8aca,15,2026-09-12T19:56:28Z
data/raw/transfermarkt_pages/621_2022_transfers.html,621,Athletic Bilbao,2022,https://www.transfermarkt.com/-/transfers/verein/621/saison_id/2022,181443,09a5d653784d2809baea45d49f7d704f46ae4cf8e9280cc1a268a0a9f45acca9,28,2026-09-12T19:56:33Z
data/raw/transfermarkt_pages/621_2023_transfers.html,621,Athletic Bilbao,2023,https://www.transfermarkt.com/-/transfers/verein/621/saison_id/2023,175768,851f3e37a5957063bd12628cfdc2c79b4cbb8d6dd84336a8f6c433f2a7f6fbb1,25,2026-09-12T19:56:39Z
data/raw/transfermarkt_pages/13_2017_transfers.html,13,Atlético de Madrid,2017,https://www.transfermarkt.com/-/transfers/verein/13/saison_id/2017,201813,8e5f53bb8e011a012a5eab8a18d5ab6d5d8e38c9e71d05aca125b9c66d8a713d,38,2026-09-12T19:56:44Z
data/raw/transfermarkt_pages/13_2018_transfers.html,13,Atlético de Madrid,2018,https://www.transfermarkt.com/-/transfers/verein/13/saison_id/2018,207070,a3af9488a6cc8359a561bd6345690458d0bfa3b56e2ce85bce59c3529dc800ca,41,2026-09-12T19:56:50Z
data/raw/transfermarkt_pages/13_2019_transfers.html,13,Atlético de Madrid,2019,https://www.transfermarkt.com/-/transfers/verein/13/saison_id/2019,204633,a443512b40d8d663281a1b08355a01e18064c9d32eb93dd2419bbaeb1ec2e905,39,2026-09-12T19:56:56Z
data/raw/transfermarkt_pages/13_2020_transfers.html,13,Atlético de Madrid,2020,https://www.transfermarkt.com/-/transfers/verein/13/saison_id/2020,183977,d80c99adfb2e518ea542b47a33b4c06c1fad2778b3fc619527e2c30a10cf41a0,29,2026-09-12T19:57:03Z
data/raw/transfermarkt_pages/13_2021_transfers.html,13,Atlético de Madrid,2021,https://www.transfermarkt.com/-/transfers/verein/13/saison_id/2021,200900,25788cc16afd1660c1cb7e615e819b2773c349edfdbd969125e13b0c7a2528ab,38,2026-09-12T19:57:10Z
data/raw/transfermarkt_pages/13_2022_transfers.html,13,Atlético de Madrid,2022,https://www.transfermarkt.com/-/transfers/verein/13/saison_id/2022,214740,8bd796f2227ab766ad9c138364fec3abc14c8d1cb67541055c87e17d1745f7f0,46,2026-09-12T19:57:16Z
data/raw/transfermarkt_pages/13_2023_transfers.html,13,Atlético de Madrid,2023,https://www.transfermarkt.com/-/transfers/verein/13/saison_id/2023,219038,c4ddc2be3a0ffb717cf5d2c05ef54d4ba350de7cfc794833243671cb33653fb8,47,2026-09-12T19:57:23Z
data/raw/transfermarkt_pages/331_2017_transfers.html,331,CA Osasuna,2017,https://www.transfermarkt.com/-/transfers/verein/331/saison_id/2017,192052,8283a487c8c5237b3808d2460c988faae1f19dc1fe957944fbae005d8c48a8d3,37,2026-09-12T19:57:30Z
data/raw/transfermarkt_pages/331_2018_transfers.html,331,CA Osasuna,2018,https://www.transfermarkt.com/-/transfers/verein/331/saison_id/2018,180763,b932455078770475369953bb3c72f68d371ef1ec9fb26596ca896401f754b582,31,2026-09-12T19:57:37Z
data/raw/transfermarkt_pages/331_2019_transfers.html,331,CA Osasuna,2019,https://www.transfermarkt.com/-/transfers/verein/331/saison_id/2019,191670,d26251739af30933a584ee1e6889591d4053bfe0efca2cf97af44be19ded0472,37,2026-09-12T19:57:43Z
data/raw/transfermarkt_pages/331_2020_transfers.html,331,CA Osasuna,2020,https://www.transfermarkt.com/-/transfers/verein/331/saison_id/2020,178891,743dddf78637eed87ed47b51ba4a822dacdb7cd5f3925a91082f09841652f65c,30,2026-09-12T19:57:49Z
data/raw/transfermarkt_pages/331_2021_transfers.html,331,CA Osasuna,2021,https://www.transfermarkt.com/-/transfers/verein/331/saison_id/2021,177339,757b5edd6002b9797ca520d2faf766d62d03020823bbdb62d5b8d989919c67fd,29,2026-09-12T19:57:55Z
data/raw/transfermarkt_pages/331_2022_transfers.html,331,CA Osasuna,2022,https://www.transfermarkt.com/-/transfers/verein/331/saison_id/2022,169600,9c3bc1fba320ce24682e49f8a9c3245adb1bf3745a13c722ad3b573f91abeb6b,25,2026-09-12T19:58:02Z
data/raw/transfermarkt_pages/331_2023_transfers.html,331,CA Osasuna,2023,https://www.transfermarkt.com/-/transfers/verein/331/saison_id/2023,158152,20170692643018863a0e775afa8785367ea6cd12c402a36c494fed97eed3d3bb,18,2026-09-12T19:58:08Z
data/raw/transfermarkt_pages/1244_2017_transfers.html,1244,CD Leganés,2017,https://www.transfermarkt.com/-/transfers/verein/1244/saison_id/2017,197619,901773b182ab88c7f675cbb0da91bd21f726b44c09ba679ed8bdfa8ebf38c6b9,44,2026-09-12T19:58:14Z
data/raw/transfermarkt_pages/1244_2018_transfers.html,1244,CD Leganés,2018,https://www.transfermarkt.com/-/transfers/verein/1244/saison_id/2018,223700,7adf8baa75e2b7dbe70ccbffcc4597f7e7baab1f31f6bbbf17733d1a032e57e3,58,2026-09-12T19:58:19Z
data/raw/transfermarkt_pages/1244_2019_transfers.html,1244,CD Leganés,2019,https://www.transfermarkt.com/-/transfers/verein/1244/saison_id/2019,239263,17b1d76a2d89abab20dc389e70ea6b3cb32fed9763c8ab66cdcbc0f2baab0335,66,2026-09-12T19:58:25Z
data/raw/transfermarkt_pages/1244_2020_transfers.html,1244,CD Leganés,2020,https://www.transfermarkt.com/-/transfers/verein/1244/saison_id/2020,228009,dd5d08dc61ae5351f3056ee607207e433218416e1dbebecaf5dd3392fe99debb,60,2026-09-12T19:58:31Z
data/raw/transfermarkt_pages/1244_2021_transfers.html,1244,CD Leganés,2021,https://www.transfermarkt.com/-/transfers/verein/1244/saison_id/2021,202042,4387013aee8c93c9e4b873cc1d345d0803419104c4a2aa61094731957ec046b1,46,2026-09-12T19:58:38Z
data/raw/transfermarkt_pages/1244_2022_transfers.html,1244,CD Leganés,2022,https://www.transfermarkt.com/-/transfers/verein/1244/saison_id/2022,205266,5a8be8d2cf599d6fd8cd5fa68e87051162c332ede02ca01dc6ce35d0bac36e0e,48,2026-09-12T19:58:44Z
data/raw/transfermarkt_pages/1244_2023_transfers.html,1244,CD Leganés,2023,https://www.transfermarkt.com/-/transfers/verein/1244/saison_id/2023,224284,02a16487f622e91c6090648694adbf8f3875071c1ec5e9604d861ddcd8b7b0c8,58,2026-09-12T19:58:50Z
data/raw/transfermarkt_pages/940_2017_transfers.html,940,Celta de Vigo,2017,https://www.transfermarkt.com/-/transfers/verein/940/saison_id/2017,189894,0e19490ca255d74b414bfbda5b8dcf315196b893bce9325c5d1fc4e77c07c67b,35,2026-09-12T19:58:56Z
data/raw/transfermarkt_pages/940_2018_transfers.html,940,Celta de Vigo,2018,https://www.transfermarkt.com/-/transfers/verein/940/saison_id/2018,201197,6532d619090421aa340ce66f54c5c3b6e2ec3810de6c7f7dfe1f6cdb7530d379,41,2026-09-12T19:59:03Z
data/raw/transfermarkt_pages/940_2019_transfers.html,940,Celta de Vigo,2019,https://www.transfermarkt.com/-/transfers/verein/940/saison_id/2019,190499,a0a50e8ad03dea38be7749f71a67b5628352d827dcbeef776e3f95f1a9efcce2,35,2026-09-12T19:59:09Z
data/raw/transfermarkt_pages/940_2020_transfers.html,940,Celta de Vigo,2020,https://www.transfermarkt.com/-/transfers/verein/940/saison_id/2020,166342,6dcff545aa66f4cdd737a38bc66d2e188f08fe89547f97d564ef647a10896d27,22,2026-09-12T19:59:14Z
data/raw/transfermarkt_pages/940_2021_transfers.html,940,Celta de Vigo,2021,https://www.transfermarkt.com/-/transfers/verein/940/saison_id/2021,178100,1e2f6a96b2992174e20c192b595e2b9db6ffa95ec03002848b31dfb244ee21d3,29,2026-09-12T19:59:20Z
data/raw/transfermarkt_pages/940_2022_transfers.html,940,Celta de Vigo,2022,https://www.transfermarkt.com/-/transfers/verein/940/saison_id/2022,193164,8c81329b5acd7d52edf7fad5ec4d19c20ca18cbc3cec25e8ba600ad699cbf947,37,2026-09-12T19:59:27Z
data/raw/transfermarkt_pages/940_2023_transfers.html,940,Celta de Vigo,2023,https://www.transfermarkt.com/-/transfers/verein/940/saison_id/2023,204299,8dff6a83febdb808a666c8ea6d322807beb51d43e22895b69415277fb152f73a,43,2026-09-12T19:59:33Z
data/raw/transfermarkt_pages/2687_2017_transfers.html,2687,Cádiz CF,2017,https://www.transfermarkt.com/-/transfers/verein/2687/saison_id/2017,195331,56f4e9ad015e6bbd234ae75592d1e21276311968c70f7454be97f54f24b7f72b,39,2026-09-12T19:59:39Z
data/raw/transfermarkt_pages/2687_2018_transfers.html,2687,Cádiz CF,2018,https://www.transfermarkt.com/-/transfers/verein/2687/saison_id/2018,210935,68599c637a7e9585b63049f88f942816b6f29d1711e20e56387f880526a5fa42,48,2026-09-12T19:59:46Z
data/raw/transfermarkt_pages/2687_2019_transfers.html,2687,Cádiz CF,2019,https://www.transfermarkt.com/-/transfers/verein/2687/saison_id/2019,214800,9c6b81909846a2ce3cc1800819b95ea4aa88c0e47745c050c7cd38d5ed53c112,50,2026-09-12T19:59:52Z
data/raw/transfermarkt_pages/2687_2020_transfers.html,2687,Cádiz CF,2020,https://www.transfermarkt.com/-/transfers/verein/2687/saison_id/2020,233543,82c4fde249030da0ac169ae9fdfd74244cafb0ab81440a9d24793c9db7c2009e,61,2026-09-12T19:59:58Z
data/raw/transfermarkt_pages/2687_2021_transfers.html,2687,Cádiz CF,2021,https://www.transfermarkt.com/-/transfers/verein/2687/saison_id/2021,207833,f86d75e0c32bbb7a7d7e3505cba924f156acfefccdb6d36e4676dc1e47fb3351,46,2026-09-12T20:00:05Z
data/raw/transfermarkt_pages/2687_2022_transfers.html,2687,Cádiz CF,2022,https://www.transfermarkt.com/-/transfers/verein/2687/saison_id/2022,216440,139374e7fe92de6ae51da0d3592077aed0ab9b7a9bc6bf29fde53070d5f5be1c,51,2026-09-12T20:00:12Z
data/raw/transfermarkt_pages/2687_2023_transfers.html,2687,Cádiz CF,2023,https://www.transfermarkt.com/-/transfers/verein/2687/saison_id/2023,209708,d38ddb33aa741e883c896d1ea61cdf9b3337be969cec2170d67b99ded1078380,46,2026-09-12T20:00:20Z
data/raw/transfermarkt_pages/1108_2017_transfers.html,1108,Deportivo Alavés,2017,https://www.transfermarkt.com/-/transfers/verein/1108/saison_id/2017,202920,167d8b2f71e90196e02f3a9fbd6bea8ef5fc7eb0b329ae04970423ae8304d86d,42,2026-09-12T20:00:26Z
data/raw/transfermarkt_pages/1108_2018_transfers.html,1108,Deportivo Alavés,2018,https://www.transfermarkt.com/-/transfers/verein/1108/saison_id/2018,228433,a54958359d06545b3cb765af89686c5247d5f8583a4800c072a12e8890b14947,56,2026-09-12T20:00:32Z
data/raw/transfermarkt_pages/1108_2019_transfers.html,1108,Deportivo Alavés,2019,https://www.transfermarkt.com/-/transfers/verein/1108/saison_id/2019,229058,d4623a316604d009fd566d864046b4697f879d9c310dd1799d4d9352a648b870,56,2026-09-12T20:00:39Z
data/raw/transfermarkt_pages/1108_2020_transfers.html,1108,Deportivo Alavés,2020,https://www.transfermarkt.com/-/transfers/verein/1108/saison_id/2020,211975,90b8aa544f550f82fb383c0905821f3a530d19828bdcd3f941036e157850ebfa,47,2026-09-12T20:00:46Z
data/raw/transfermarkt_pages/1108_2021_transfers.html,1108,Deportivo Alavés,2021,https://www.transfermarkt.com/-/transfers/verein/1108/saison_id/2021,212701,7d2aebda93c61615775da6b879e22271bd90df7929b26ce8c96841c7f885a10a,48,2026-09-12T20:00:54Z
data/raw/transfermarkt_pages/1108_2022_transfers.html,1108,Deportivo Alavés,2022,https://www.transfermarkt.com/-/transfers/verein/1108/saison_id/2022,205738,602f99350aec8ad7138bd1a159be290021409a33d9b08c8329acccc85a063d57,44,2026-09-12T20:01:00Z
data/raw/transfermarkt_pages/1108_2023_transfers.html,1108,Deportivo Alavés,2023,https://www.transfermarkt.com/-/transfers/verein/1108/saison_id/2023,194627,6bc6d6ad971c9de70ebfcbd351fd2e5ec3356a643768f9eadf7726472da5e1f8,38,2026-09-12T20:01:05Z
data/raw/transfermarkt_pages/897_2017_transfers.html,897,Deportivo de La Coruña,2017,https://www.transfermarkt.com/-/transfers/verein/897/saison_id/2017,201779,655e4b732abdee5a9fc74ab349a8a74f43b9941146afc6958d7b707306017356,40,2026-09-12T20:01:11Z
data/raw/transfermarkt_pages/897_2018_transfers.html,897,Deportivo de La Coruña,2018,https://www.transfermarkt.com/-/transfers/verein/897/saison_id/2018,227724,574ad20e3be12252736415678b18a4931021e6c766fac02c714ba55eb82c18f6,55,2026-09-12T20:01:16Z
data/raw/transfermarkt_pages/897_2019_transfers.html,897,Deportivo de La Coruña,2019,https://www.transfermarkt.com/-/transfers/verein/897/saison_id/2019,228550,f2be94179c32fd1a39ac95b554edcbeb7a22fa09ee6d4c22dd9dd9624fdd2211,55,2026-09-12T20:01:23Z
data/raw/transfermarkt_pages/897_2020_transfers.html,897,Deportivo de La Coruña,2020,https://www.transfermarkt.com/-/transfers/verein/897/saison_id/2020,214952,b7d011a8ac261e08487e4987e73a2d1be09b1180c13f9e007a009bedaaa41dea,47,2026-09-12T20:01:28Z
data/raw/transfermarkt_pages/897_2021_transfers.html,897,Deportivo de La Coruña,2021,https://www.transfermarkt.com/-/transfers/verein/897/saison_id/2021,213429,ab7a9ffe1faf96356001277419f4105a12f4bf20f85565e1a2b85b9699565d02,47,2026-09-12T20:01:34Z
data/raw/transfermarkt_pages/897_2022_transfers.html,897,Deportivo de La Coruña,2022,https://www.transfermarkt.com/-/transfers/verein/897/saison_id/2022,207707,4d9bba7e02e8c07e368a9706e1eb492017ad3bdb9a2347ce757bbf5124899a9c,43,2026-09-12T20:01:42Z
data/raw/transfermarkt_pages/897_2023_transfers.html,897,Deportivo de La Coruña,2023,https://www.transfermarkt.com/-/transfers/verein/897/saison_id/2023,209128,6b1dcac25dbc347cd1e9bbbfd06c8b998fc00d1f5b0e2c1be223a989c87cf46d,44,2026-09-12T20:01:49Z
data/raw/transfermarkt_pages/1531_2017_transfers.html,1531,Elche CF,2017,https://www.transfermarkt.com/-/transfers/verein/1531/saison_id/2017,218651,be7817748f41ae03c04243de7c0bf9b4cd2670289c475ac0ccf18eb806bcdc14,53,2026-09-12T20:01:55Z
data/raw/transfermarkt_pages/1531_2018_transfers.html,1531,Elche CF,2018,https://www.transfermarkt.com/-/transfers/verein/1531/saison_id/2018,197700,6b6cde28306b716522b1ac2fda89f94edd58fd17a0356529a5d8577974d67c1f,41,2026-09-12T20:02:02Z
data/raw/transfermarkt_pages/1531_2019_transfers.html,1531,Elche CF,2019,https://www.transfermarkt.com/-/transfers/verein/1531/saison_id/2019,211713,68dbadc030cf110f81d89487547cf0aeb5f1fb2ea11d324cce322bfdcab0950d,49,2026-09-12T20:02:08Z
data/raw/transfermarkt_pages/1531_2020_transfers.html,1531,Elche CF,2020,https://www.transfermarkt.com/-/transfers/verein/1531/saison_id/2020,197412,39ce8cccb41a902ef66b5bc10a439f732d4c57ab132c847f99838eba41ca2438,40,2026-09-12T20:02:15Z
data/raw/transfermarkt_pages/1531_2021_transfers.html,1531,Elche CF,2021,https://www.transfermarkt.com/-/transfers/verein/1531/saison_id/2021,191391,dd6e85954e2b4701789201b3c4138b044bd55fcb0f6fc62daf2c84062de66974,37,2026-09-12T20:02:21Z
data/raw/transfermarkt_pages/1531_2022_transfers.html,1531,Elche CF,2022,https://www.transfermarkt.com/-/transfers/verein/1531/saison_id/2022,194721,d54490b30d1e9594258606ec9cfd7ebcbe2871eed2e090507f152e2b95f23904,38,2026-09-12T20:02:26Z
data/raw/transfermarkt_pages/1531_2023_transfers.html,1531,Elche CF,2023,https://www.transfermarkt.com/-/transfers/verein/1531/saison_id/2023,197870,efe5854f64136431526ea8d3efb3141dbde2dc24233819bb1c86e8f5d65a8aea,41,2026-09-12T20:02:32Z
data/raw/transfermarkt_pages/131_2017_transfers.html,131,FC Barcelona,2017,https://www.transfermarkt.com/-/transfers/verein/131/saison_id/2017,179770,33e0f1bce6236076ac0103847b1f1c9e9aced4a8ee41e7146701c619346b6ec5,25,2026-09-12T20:02:38Z
data/raw/transfermarkt_pages/131_2018_transfers.html,131,FC Barcelona,2018,https://www.transfermarkt.com/-/transfers/verein/131/saison_id/2018,203405,60edbb266ba12ae916c5c53fb5c657ddb650c83ab75efda0b1ba7350357c1163,38,2026-09-12T20:02:44Z
data/raw/transfermarkt_pages/131_2019_transfers.html,131,FC Barcelona,2019,https://www.transfermarkt.com/-/transfers/verein/131/saison_id/2019,215976,4a95c27e0247272ffe7e4cfde811e634fd02437003b31be81305c28fb64b87ae,45,2026-09-12T20:02:51Z
data/raw/transfermarkt_pages/131_2020_transfers.html,131,FC Barcelona,2020,https://www.transfermarkt.com/-/transfers/verein/131/saison_id/2020,195192,799fb397f66b5fb4a1c441b7feac576bba0a6c32c7e46872a3144f48b8429918,33,2026-09-12T20:02:58Z
data/raw/transfermarkt_pages/131_2021_transfers.html,131,FC Barcelona,2021,https://www.transfermarkt.com/-/transfers/verein/131/saison_id/2021,204596,2e23603fce4458bd371bbb183a3f4f41d391747a2845c05f5af21d59704b8be4,38,2026-09-12T20:03:04Z
data/raw/transfermarkt_pages/131_2022_transfers.html,131,FC Barcelona,2022,https://www.transfermarkt.com/-/transfers/verein/131/saison_id/2022,205318,9a8d7392be29c7fb9c7f7c1ba3849f382de394a2154dddbbdf3eed85700eb126,38,2026-09-12T20:03:11Z
data/raw/transfermarkt_pages/131_2023_transfers.html,131,FC Barcelona,2023,https://www.transfermarkt.com/-/transfers/verein/131/saison_id/2023,209463,500acd6dd6caa5bb59043389f0bc971df5886accb4b1712df82c7d27d22372aa,41,2026-09-12T20:03:18Z
data/raw/transfermarkt_pages/3709_2017_transfers.html,3709,Getafe CF,2017,https://www.transfermarkt.com/-/transfers/verein/3709/saison_id/2017,206641,aa38eda4c3dc8a05cc30aefa3f658fd88fb79df9cab7edf6584f361b7e175a84,50,2026-09-12T20:03:24Z
data/raw/transfermarkt_pages/3709_2018_transfers.html,3709,Getafe CF,2018,https://www.transfermarkt.com/-/transfers/verein/3709/saison_id/2018,218286,8e37a5597b918eed704aae3f7d69fd437da6bfa92411712f75572b9f8d94dec1,56,2026-09-12T20:03:30Z
data/raw/transfermarkt_pages/3709_2019_transfers.html,3709,Getafe CF,2019,https://www.transfermarkt.com/-/transfers/verein/3709/saison_id/2019,187731,bf0bd7616a8efa0e3bc7a850c5dd1f5b0a190c851f6568b4df6ed5beb585661c,40,2026-09-12T20:03:37Z
data/raw/transfermarkt_pages/3709_2020_transfers.html,3709,Getafe CF,2020,https://www.transfermarkt.com/-/transfers/verein/3709/saison_id/2020,197779,ef8a0b6e5dfc9564e8543502fdda6c017cbe98d0758f59463a50de392f2445c6,45,2026-09-12T20:03:42Z
data/raw/transfermarkt_pages/3709_2021_transfers.html,3709,Getafe CF,2021,https://www.transfermarkt.com/-/transfers/verein/3709/saison_id/2021,189707,d0272024fc102f26ca2b61df4f72d9f3afef1790fa358f1d6a7d2617fd7a8ad1,41,2026-09-12T20:03:49Z
data/raw/transfermarkt_pages/3709_2022_transfers.html,3709,Getafe CF,2022,https://www.transfermarkt.com/-/transfers/verein/3709/saison_id/2022,191066,1452cf8a5b48b357e4899b7630eede9aa0d238d1e8f7803e547af0b89a29d122,42,2026-09-12T20:03:55Z
data/raw/transfermarkt_pages/3709_2023_transfers.html,3709,Getafe CF,2023,https://www.transfermarkt.com/-/transfers/verein/3709/saison_id/2023,196350,1479bcec9625169f0f915eb9fd91b07ced539519ca7ebb579cba27d5ece9303a,44,2026-09-12T20:04:00Z
data/raw/transfermarkt_pages/12321_2017_transfers.html,12321,Girona FC,2017,https://www.transfermarkt.com/-/transfers/verein/12321/saison_id/2017,200320,c2b553764c5580f5cea8e71693fc01d445cf5bb1898654bab4a4698bfa314a59,42,2026-09-12T20:04:07Z
data/raw/transfermarkt_pages/12321_2018_transfers.html,12321,Girona FC,2018,https://www.transfermarkt.com/-/transfers/verein/12321/saison_id/2018,164191,d01c589467b11213c2e872be1ddd6885ff566fe2159cc83b1cf94a656b185a63,22,2026-09-12T20:04:14Z
data/raw/transfermarkt_pages/12321_2019_transfers.html,12321,Girona FC,2019,https://www.transfermarkt.com/-/transfers/verein/12321/saison_id/2019,224589,4a798972f211b0162285a36ea8431e0ac8e97a9e728474cf7b8dc6a67d0e6982,56,2026-09-12T20:04:21Z
data/raw/transfermarkt_pages/12321_2020_transfers.html,12321,Girona FC,2020,https://www.transfermarkt.com/-/transfers/verein/12321/saison_id/2020,219462,7d9f6add6038391ed92b8ee47fc35b76e6d0a4c54a5be67b0d6466d4c22f6f64,52,2026-09-12T20:04:27Z
data/raw/transfermarkt_pages/12321_2021_transfers.html,12321,Girona FC,2021,https://www.transfermarkt.com/-/transfers/verein/12321/saison_id/2021,189601,11095331b77ae8198e1b6c296804f371a944644e7a00b2cb0a888b6a49d03142,36,2026-09-12T20:04:34Z
data/raw/transfermarkt_pages/12321_2022_transfers.html,12321,Girona FC,2022,https://www.transfermarkt.com/-/transfers/verein/12321/saison_id/2022,207425,d6cdc8c4d6b868705072e6775b7c33dc628f4ffb70e495e72f36ade7b5f2c9b8,46,2026-09-12T20:04:41Z
data/raw/transfermarkt_pages/12321_2023_transfers.html,12321,Girona FC,2023,https://www.transfermarkt.com/-/transfers/verein/12321/saison_id/2023,196189,fe027e3fa198b50ac347dd1d4c71369ccc9302ba9f0249ed544a4a200ba42fb1,39,2026-09-12T20:04:47Z
data/raw/transfermarkt_pages/16795_2017_transfers.html,16795,Granada CF,2017,https://www.transfermarkt.com/-/transfers/verein/16795/saison_id/2017,240002,4bd53b1bdc6bd868eee71f6ea488383a5a8021942210d02fcd7684aefb135aa1,63,2026-09-12T20:04:53Z
data/raw/transfermarkt_pages/16795_2018_transfers.html,16795,Granada CF,2018,https://www.transfermarkt.com/-/transfers/verein/16795/saison_id/2018,197909,982e6ef495c5a1931ba1f525b769ede164e7c8466a2afac347569467f2f40931,41,2026-09-12T20:05:00Z
data/raw/transfermarkt_pages/16795_2019_transfers.html,16795,Granada CF,2019,https://www.transfermarkt.com/-/transfers/verein/16795/saison_id/2019,189313,f621cf1c287cd2ed8320c855c044a591523577acdcc74ddb435ad723a19c939b,37,2026-09-12T20:05:07Z
data/raw/transfermarkt_pages/16795_2020_transfers.html,16795,Granada CF,2020,https://www.transfermarkt.com/-/transfers/verein/16795/saison_id/2020,170851,963fac91af537786a284281e9a4fb656ed3e787edcd56ac63c53fb2ab65899e8,26,2026-09-12T20:05:13Z
data/raw/transfermarkt_pages/16795_2021_transfers.html,16795,Granada CF,2021,https://www.transfermarkt.com/-/transfers/verein/16795/saison_id/2021,192609,a224152313b5159962632cf0b3630075f43170e6861c9c11ed0b0d047c65be9e,38,2026-09-12T20:05:18Z
data/raw/transfermarkt_pages/16795_2022_transfers.html,16795,Granada CF,2022,https://www.transfermarkt.com/-/transfers/verein/16795/saison_id/2022,216436,b92d34b6095d8399a82d7af0584147915f50f8f9652312fdc02b796f07d1e1fa,51,2026-09-12T20:05:25Z
data/raw/transfermarkt_pages/16795_2023_transfers.html,16795,Granada CF,2023,https://www.transfermarkt.com/-/transfers/verein/16795/saison_id/2023,214041,bca810be5872d8753adb9c858a865b07d150c74d8bcb5d525290d169baf638dd,49,2026-09-12T20:05:32Z
data/raw/transfermarkt_pages/3368_2017_transfers.html,3368,Levante UD,2017,https://www.transfermarkt.com/-/transfers/verein/3368/saison_id/2017,197163,fce130987b2c9ce51f587c737208e6f4368ed198d64968e0786c3e86b39071d1,40,2026-09-12T20:05:37Z
data/raw/transfermarkt_pages/3368_2018_transfers.html,3368,Levante UD,2018,https://www.transfermarkt.com/-/transfers/verein/3368/saison_id/2018,196003,6f943e679aa98d63e4191222f59b7a5c639aa89b269ea118c538aa223138cc97,39,2026-09-12T20:05:43Z
data/raw/transfermarkt_pages/3368_2019_transfers.html,3368,Levante UD,2019,https://www.transfermarkt.com/-/transfers/verein/3368/saison_id/2019,201556,731c1561b325a010802231ce5aa843768c16e80ef42065e550b67da5dfb0ab30,42,2026-09-12T20:05:48Z
data/raw/transfermarkt_pages/3368_2020_transfers.html,3368,Levante UD,2020,https://www.transfermarkt.com/-/transfers/verein/3368/saison_id/2020,177084,4ad0866c26784da912a27849ee87bbcb8f084f05c818714c0d8f321bcbf5801b,29,2026-09-12T20:05:55Z
data/raw/transfermarkt_pages/3368_2021_transfers.html,3368,Levante UD,2021,https://www.transfermarkt.com/-/transfers/verein/3368/saison_id/2021,165785,b56fd50afcda0b8c447c9e86ca27b89136717978e95e5fe78e2f720ba5656d0a,23,2026-09-12T20:06:02Z
data/raw/transfermarkt_pages/3368_2022_transfers.html,3368,Levante UD,2022,https://www.transfermarkt.com/-/transfers/verein/3368/saison_id/2022,185584,3a781465df7eee94f0125683bdc942d8942db76b2dfa5fad2df2f7206c01f75c,34,2026-09-12T20:06:08Z
data/raw/transfermarkt_pages/3368_2023_transfers.html,3368,Levante UD,2023,https://www.transfermarkt.com/-/transfers/verein/3368/saison_id/2023,192539,f38f987014f5b75a86cfcf9e74f13bfc0a4b22277f3c6fa13175b026d437d8a8,38,2026-09-12T20:06:14Z
data/raw/transfermarkt_pages/1084_2017_transfers.html,1084,Málaga CF,2017,https://www.transfermarkt.com/-/transfers/verein/1084/saison_id/2017,206506,3b4774d6afdef0663b7402911203cd30f2bd0cac2b1c064e6048209cb523cfab,50,2026-09-12T20:06:21Z
data/raw/transfermarkt_pages/1084_2018_transfers.html,1084,Málaga CF,2018,https://www.transfermarkt.com/-/transfers/verein/1084/saison_id/2018,230043,50d2ed16f1dd504a3ca6370ee323d6740500253b13ef15918ec0627df7c999a3,61,2026-09-12T20:06:27Z
data/raw/transfermarkt_pages/1084_2019_transfers.html,1084,Málaga CF,2019,https://www.transfermarkt.com/-/transfers/verein/1084/saison_id/2019,207986,01555b99222b5448f8c6fa09e7aa98bb7f5fe89f821f83de8f1dd8c920e65864,50,2026-09-12T20:06:34Z
data/raw/transfermarkt_pages/1084_2020_transfers.html,1084,Málaga CF,2020,https://www.transfermarkt.com/-/transfers/verein/1084/saison_id/2020,204434,455a3a9f3195d95af627acb0d130dd6c7f884230e7201cb738ca01ef2794e39d,49,2026-09-12T20:06:41Z
data/raw/transfermarkt_pages/1084_2021_transfers.html,1084,Málaga CF,2021,https://www.transfermarkt.com/-/transfers/verein/1084/saison_id/2021,178386,04d390edd14c717e9c0dec98f2a8e0f6d5705c08a94e21cc6d621b599d82e0c8,35,2026-09-12T20:06:48Z
data/raw/transfermarkt_pages/1084_2022_transfers.html,1084,Málaga CF,2022,https://www.transfermarkt.com/-/transfers/verein/1084/saison_id/2022,204530,ba7728a32ddc1825def2ccd5fd28e156303e643b20fd6ea756b1da613ba1e960,49,2026-09-12T20:06:55Z
data/raw/transfermarkt_pages/1084_2023_transfers.html,1084,Málaga CF,2023,https://www.transfermarkt.com/-/transfers/verein/1084/saison_id/2023,204792,4015ed195025a322f6e9c52f88db7f3cc4337333972e56108e17478ed26179c1,49,2026-09-12T20:07:02Z
data/raw/transfermarkt_pages/714_2017_transfers.html,714,RCD Espanyol Barcelona,2017,https://www.transfermarkt.com/-/transfers/verein/714/saison_id/2017,192604,6dd7190129a4b0243bfde2407360afe9b770dc1cb017d3ccad794331d617cae3,34,2026-09-12T20:07:08Z
data/raw/transfermarkt_pages/714_2018_transfers.html,714,RCD Espanyol Barcelona,2018,https://www.transfermarkt.com/-/transfers/verein/714/saison_id/2018,178467,700bc5111443721d39c2b52b9820c76f9e038ad708dbe05737df47d94953feaa,26,2026-09-12T20:07:14Z
data/raw/transfermarkt_pages/714_2019_transfers.html,714,RCD Espanyol Barcelona,2019,https://www.transfermarkt.com/-/transfers/verein/714/saison_id/2019,194334,68adb233585423557acffe1d00a9361353ef27d92be3e1652816ab8edcab1c11,34,2026-09-12T20:07:19Z
data/raw/transfermarkt_pages/714_2020_transfers.html,714,RCD Espanyol Barcelona,2020,https://www.transfermarkt.com/-/transfers/verein/714/saison_id/2020,174384,0184bf61badabed2aec22298bc3bbfea2cbfef1548a92c2f5aaddf361cd0eae5,24,2026-09-12T20:07:25Z
data/raw/transfermarkt_pages/714_2021_transfers.html,714,RCD Espanyol Barcelona,2021,https://www.transfermarkt.com/-/transfers/verein/714/saison_id/2021,165555,7b95d5ef416190e5035923dada60dce972dc68630d174cfc9c734692bd4784f4,19,2026-09-12T20:07:31Z
data/raw/transfermarkt_pages/714_2022_transfers.html,714,RCD Espanyol Barcelona,2022,https://www.transfermarkt.com/-/transfers/verein/714/saison_id/2022,227875,2044bbbd20c2df5a8000ef6cf6baf4f89315071c812a6af3b9137c0a5259c2e1,53,2026-09-12T20:07:39Z
data/raw/transfermarkt_pages/714_2023_transfers.html,714,RCD Espanyol Barcelona,2023,https://www.transfermarkt.com/-/transfers/verein/714/saison_id/2023,196298,e807bfa0063dccfa53a31cf70f26ef0b7ed5f286b6d670face5eb4f17cad8098,36,2026-09-12T20:07:45Z
data/raw/transfermarkt_pages/237_2017_transfers.html,237,RCD Mallorca,2017,https://www.transfermarkt.com/-/transfers/verein/237/saison_id/2017,228551,67cd982a38b0a55fe20a608f4508356e26f9c880a44507911e0d6d8106f690dd,58,2026-09-12T20:07:51Z
data/raw/transfermarkt_pages/237_2018_transfers.html,237,RCD Mallorca,2018,https://www.transfermarkt.com/-/transfers/verein/237/saison_id/2018,216752,4d7c28f4c70055a4554c7b141492ad00b88ca8c4b4949797fa439a3174554cd1,50,2026-09-12T20:07:58Z
data/raw/transfermarkt_pages/237_2019_transfers.html,237,RCD Mallorca,2019,https://www.transfermarkt.com/-/transfers/verein/237/saison_id/2019,235083,03a0c68783258133753db1d5f7ed2d6dfb212e74c0d43bc66a9d50b6c24c39f1,60,2026-09-12T20:08:04Z
data/raw/transfermarkt_pages/237_2020_transfers.html,237,RCD Mallorca,2020,https://www.transfermarkt.com/-/transfers/verein/237/saison_id/2020,209052,befb8d944deb2201d2e995bd914344c1ec461c8d369aa70273933195eb141ce5,46,2026-09-12T20:08:09Z
data/raw/transfermarkt_pages/237_2021_transfers.html,237,RCD Mallorca,2021,https://www.transfermarkt.com/-/transfers/verein/237/saison_id/2021,204178,42871afe60db8b691b16ec45939ffab4f705aead7a095d73fa5207616e2558cf,44,2026-09-12T20:08:15Z
data/raw/transfermarkt_pages/237_2022_transfers.html,237,RCD Mallorca,2022,https://www.transfermarkt.com/-/transfers/verein/237/saison_id/2022,198794,13c5feef4572607d4a0d0a722f3b9f5f8882b08ecd0edec881edb335bd3b211b,40,2026-09-12T20:08:21Z
data/raw/transfermarkt_pages/237_2023_transfers.html,237,RCD Mallorca,2023,https://www.transfermarkt.com/-/transfers/verein/237/saison_id/2023,179330,7b32121d887bf8a8303a8fc9b04431b438a1fc27496467695c3a25e5576e2148,30,2026-09-12T20:08:28Z
data/raw/transfermarkt_pages/367_2017_transfers.html,367,Rayo Vallecano,2017,https://www.transfermarkt.com/-/transfers/verein/367/saison_id/2017,191163,ff009106ae99df9a78830e69762cfa78899a6a93d38c40420134fbf811c833b3,39,2026-09-12T20:08:35Z
data/raw/transfermarkt_pages/367_2018_transfers.html,367,Rayo Vallecano,2018,https://www.transfermarkt.com/-/transfers/verein/367/saison_id/2018,221942,c8d8feca8c41ca160d0cfce9bf9c157a1c0574729b556103b15c068b59f1fdb9,55,2026-09-12T20:08:43Z
data/raw/transfermarkt_pages/367_2019_transfers.html,367,Rayo Vallecano,2019,https://www.transfermarkt.com/-/transfers/verein/367/saison_id/2019,201240,4f29ea5ac805cc5aa9311bfd184d7059217af2c3d5f44b584dad451d6ef1bb91,44,2026-09-12T20:08:49Z
data/raw/transfermarkt_pages/367_2020_transfers.html,367,Rayo Vallecano,2020,https://www.transfermarkt.com/-/transfers/verein/367/saison_id/2020,168256,e51afe62f3ca108b5cb6e558175fe79fe7d056a2a51bdacdc1bccac255e5eb14,26,2026-09-12T20:08:57Z
data/raw/transfermarkt_pages/367_2021_transfers.html,367,Rayo Vallecano,2021,https://www.transfermarkt.com/-/transfers/verein/367/saison_id/2021,184202,e895a9798e9ebb996ed6799aad66291ba91792af1fe13bef3e59eaa69293081e,35,2026-09-12T20:09:04Z
data/raw/transfermarkt_pages/367_2022_transfers.html,367,Rayo Vallecano,2022,https://www.transfermarkt.com/-/transfers/verein/367/saison_id/2022,179434,a8f79421cd2ce8acd052a53a92384a8e4b3af33f94f003e055d0c1139d0cf876,32,2026-09-12T20:09:10Z
data/raw/transfermarkt_pages/367_2023_transfers.html,367,Rayo Vallecano,2023,https://www.transfermarkt.com/-/transfers/verein/367/saison_id/2023,177968,f065e9de42aad505e62cac53941d43842743e0391ea2d4c5d79a7d10e87cbc9d,32,2026-09-12T20:09:17Z
data/raw/transfermarkt_pages/150_2017_transfers.html,150,Real Betis Balompié,2017,https://www.transfermarkt.com/-/transfers/verein/150/saison_id/2017,206316,c403cb6d0a5d209cfd91e50a5ef44dcc9059a1a873661760de33dff06d450579,43,2026-09-12T20:09:23Z
data/raw/transfermarkt_pages/150_2018_transfers.html,150,Real Betis Balompié,2018,https://www.transfermarkt.com/-/transfers/verein/150/saison_id/2018,199605,d9ae980f9689a47fdb2f6410cd0393ca716a1e5a0415de4f3b08f5bc28e1b117,39,2026-09-12T20:09:29Z
data/raw/transfermarkt_pages/150_2019_transfers.html,150,Real Betis Balompié,2019,https://www.transfermarkt.com/-/transfers/verein/150/saison_id/2019,201009,1ba7d07f03c9f2fed4009ab5ea05092dbf4e3533d86dbe702f12973ac099e4ce,40,2026-09-12T20:09:36Z
data/raw/transfermarkt_pages/150_2020_transfers.html,150,Real Betis Balompié,2020,https://www.transfermarkt.com/-/transfers/verein/150/saison_id/2020,182839,01ac8edeed5cc91e43abb2a53c8601bfd759ff62aec4f0b451f073664fbce5af,30,2026-09-12T20:09:41Z
data/raw/transfermarkt_pages/150_2021_transfers.html,150,Real Betis Balompié,2021,https://www.transfermarkt.com/-/transfers/verein/150/saison_id/2021,159437,555a7de8708ef38a02201b502302ca258fa6ce1d37ace9fc3502b5cbe8dce794,17,2026-09-12T20:09:47Z
data/raw/transfermarkt_pages/150_2022_transfers.html,150,Real Betis Balompié,2022,https://www.transfermarkt.com/-/transfers/verein/150/saison_id/2022,168497,599f56881651de806cabbcfaac0f29141123b3f11a043e4cefed5d8e8c572608,22,2026-09-12T20:09:54Z
data/raw/transfermarkt_pages/150_2023_transfers.html,150,Real Betis Balompié,2023,https://www.transfermarkt.com/-/transfers/verein/150/saison_id/2023,202818,1c7651722953b19a8c9357c8c80ccff1f633c02775723436c1e6b0a4b4b6c812,41,2026-09-12T20:10:00Z
data/raw/transfermarkt_pages/418_2017_transfers.html,418,Real Madrid,2017,https://www.transfermarkt.com/-/transfers/verein/418/saison_id/2017,169172,397657bbefd3244ad6e35fb72301f72f3c673d66d611ae61a2fee98f5b176871,19,2026-09-12T20:10:06Z
data/raw/transfermarkt_pages/418_2018_transfers.html,418,Real Madrid,2018,https://www.transfermarkt.com/-/transfers/verein/418/saison_id/2018,189499,fa18e29184e489e26dc454370f35cda4d8f9970148b8d3d732a87c54e8a5b98b,30,2026-09-12T20:10:13Z
data/raw/transfermarkt_pages/418_2019_transfers.html,418,Real Madrid,2019,https://www.transfermarkt.com/-/transfers/verein/418/saison_id/2019,215939,4363cc01694eb53e2dab489ebd4971f56fa4c5c9fba14c3b36e75330d444a896,45,2026-09-12T20:10:19Z
data/raw/transfermarkt_pages/418_2020_transfers.html,418,Real Madrid,2020,https://www.transfermarkt.com/-/transfers/verein/418/saison_id/2020,195164,0e69ebd5c5942a9eef75dd7a8d170b7419f875e131a7565eade6565249640bdb,34,2026-09-12T20:10:26Z
data/raw/transfermarkt_pages/418_2021_transfers.html,418,Real Madrid,2021,https://www.transfermarkt.com/-/transfers/verein/418/saison_id/2021,164678,13e58f2fe3560bad52a0cfdcf478b9c56ac997f646b564a513c66731963453d2,17,2026-09-12T20:10:33Z
data/raw/transfermarkt_pages/418_2022_transfers.html,418,Real Madrid,2022,https://www.transfermarkt.com/-/transfers/verein/418/saison_id/2022,179595,aef01a4d5037c6df8ec519509ab4ac2da0d8f524e5b2e12de953f7cc1a6a5879,25,2026-09-12T20:10:40Z
data/raw/transfermarkt_pages/418_2023_transfers.html,418,Real Madrid,2023,https://www.transfermarkt.com/-/transfers/verein/418/saison_id/2023,168206,33b5ed29f70b70c04be1921f021878686022d4c61b1f732ef7c451af7eaf9c0c,19,2026-09-12T20:10:46Z
data/raw/transfermarkt_pages/681_2017_transfers.html,681,Real Sociedad,2017,https://www.transfermarkt.com/-/transfers/verein/681/saison_id/2017,182600,875b2b5c7a3c286c2ae79707d445b5ab26738760feb95fc0cd9757449b27b164,28,2026-09-12T20:10:53Z
data/raw/transfermarkt_pages/681_2018_transfers.html,681,Real Sociedad,2018,https://www.transfermarkt.com/-/transfers/verein/681/saison_id/2018,177181,5412d77ebd11a010d3438205d72aa9e7459b403b2fe06c2b2f151f14ef67b5dd,26,2026-09-12T20:10:59Z
data/raw/transfermarkt_pages/681_2019_transfers.html,681,Real Sociedad,2019,https://www.transfermarkt.com/-/transfers/verein/681/saison_id/2019,180160,6df56a4ed48d31f6b4c63f1e0c8d4d3db000d74a3f29e7e4b6257681f1b9ccea,27,2026-09-12T20:11:06Z
data/raw/transfermarkt_pages/681_2020_transfers.html,681,Real Sociedad,2020,https://www.transfermarkt.com/-/transfers/verein/681/saison_id/2020,164385,c8dd6053db98b4b9a8ae62e946aa28ec7a4e87b24acb0118cfbbe47f5421be69,18,2026-09-12T20:11:13Z
data/raw/transfermarkt_pages/681_2021_transfers.html,681,Real Sociedad,2021,https://www.transfermarkt.com/-/transfers/verein/681/saison_id/2021,160452,239b245154c0bae909c81c4787ed9d0a3b849de1f9aa8aaec41315483cc8be1f,16,2026-09-12T20:11:20Z
data/raw/transfermarkt_pages/681_2022_transfers.html,681,Real Sociedad,2022,https://www.transfermarkt.com/-/transfers/verein/681/saison_id/2022,189836,f138a79aafaec2f4206e6c084fc9fdb06e2222a2d11247001db5f280251316ae,32,2026-09-12T20:11:26Z
data/raw/transfermarkt_pages/681_2023_transfers.html,681,Real Sociedad,2023,https://www.transfermarkt.com/-/transfers/verein/681/saison_id/2023,185228,0e92e9ada244ebec9a18a9475cbed9424f73e53f1ce97c139b0041fa180cdd89,30,2026-09-12T20:11:33Z
data/raw/transfermarkt_pages/366_2017_transfers.html,366,Real Valladolid CF,2017,https://www.transfermarkt.com/-/transfers/verein/366/saison_id/2017,215546,b36aca50a155d9fc5ec3f6f588cb68422799e85a02a3bc2e9e5faa5e482b0086,49,2026-09-12T20:11:39Z
data/raw/transfermarkt_pages/366_2018_transfers.html,366,Real Valladolid CF,2018,https://www.transfermarkt.com/-/transfers/verein/366/saison_id/2018,203420,959b1d909aa629db4bc4d91c93faf1493aaed47927ec0364d99b86ea8ac4eabe,43,2026-09-12T20:11:46Z
data/raw/transfermarkt_pages/366_2019_transfers.html,366,Real Valladolid CF,2019,https://www.transfermarkt.com/-/transfers/verein/366/saison_id/2019,203559,8bc609cf5504c6a645f0494b1d66d935c51c68f3f3525fe15c5b21093c5e6fa9,43,2026-09-12T20:11:53Z
data/raw/transfermarkt_pages/366_2020_transfers.html,366,Real Valladolid CF,2020,https://www.transfermarkt.com/-/transfers/verein/366/saison_id/2020,220296,c01e5f7d92249d586e2838f6e322a0b82950240f5c679f9c7d3e84ca443ef17a,52,2026-09-12T20:11:59Z
data/raw/transfermarkt_pages/366_2021_transfers.html,366,Real Valladolid CF,2021,https://www.transfermarkt.com/-/transfers/verein/366/saison_id/2021,207896,fd8df7a385bf3b49d9a9c4121dc3758918bb9f8fdab24936646becbfcb142574,45,2026-09-12T20:12:05Z
data/raw/transfermarkt_pages/366_2022_transfers.html,366,Real Valladolid CF,2022,https://www.transfermarkt.com/-/transfers/verein/366/saison_id/2022,223887,df6b492937568e6ea284db772429bcdb8b4d532326de88149c4c7ca5cdddfc8a,54,2026-09-12T20:12:12Z
data/raw/transfermarkt_pages/366_2023_transfers.html,366,Real Valladolid CF,2023,https://www.transfermarkt.com/-/transfers/verein/366/saison_id/2023,229524,d8d7b8aca33efd764022c8f0ed0d61dbe9d2e83811cf3b4ca0a1b4a9ad8e35c2,57,2026-09-12T20:12:19Z
data/raw/transfermarkt_pages/1533_2017_transfers.html,1533,SD Eibar,2017,https://www.transfermarkt.com/-/transfers/verein/1533/saison_id/2017,197247,0e874f56a1d571c760b514e95d2d0e7e8b027223caf365592391dc2f8955bd22,42,2026-09-12T20:12:26Z
data/raw/transfermarkt_pages/1533_2018_transfers.html,1533,SD Eibar,2018,https://www.transfermarkt.com/-/transfers/verein/1533/saison_id/2018,178760,c9f53fe73f0d0d9ee11b0234f5c60d80095a65c0743e004f8c63a794b96c5dba,32,2026-09-12T20:12:33Z
data/raw/transfermarkt_pages/1533_2019_transfers.html,1533,SD Eibar,2019,https://www.transfermarkt.com/-/transfers/verein/1533/saison_id/2019,186153,5a2e3e609910921ad7698c6045f570439bd1e1da8ef635a9e2d8ec49d545174c,36,2026-09-12T20:12:39Z
data/raw/transfermarkt_pages/1533_2020_transfers.html,1533,SD Eibar,2020,https://www.transfermarkt.com/-/transfers/verein/1533/saison_id/2020,167783,502d9847925b92e0a84d9d09776e3970f5f33139ed993961524f30af4aa2d2de,26,2026-09-12T20:12:45Z
data/raw/transfermarkt_pages/1533_2021_transfers.html,1533,SD Eibar,2021,https://www.transfermarkt.com/-/transfers/verein/1533/saison_id/2021,194271,ef5446cebbfba329fd35b6755612151550f5926135ba19bd08fbfce6fe2f66bf,41,2026-09-12T20:12:52Z
data/raw/transfermarkt_pages/1533_2022_transfers.html,1533,SD Eibar,2022,https://www.transfermarkt.com/-/transfers/verein/1533/saison_id/2022,180658,d570721c050487cf28dd2c9e6b57d27e570cb98ba0e2c6ddaecf84d3f9499a71,33,2026-09-12T20:12:57Z
data/raw/transfermarkt_pages/1533_2023_transfers.html,1533,SD Eibar,2023,https://www.transfermarkt.com/-/transfers/verein/1533/saison_id/2023,170681,56fa6333d984f19c43fc98391bacf38d99f21e62cc3953050e1d8dde10c34389,27,2026-09-12T20:13:03Z
data/raw/transfermarkt_pages/5358_2017_transfers.html,5358,SD Huesca,2017,https://www.transfermarkt.com/-/transfers/verein/5358/saison_id/2017,170460,a5a5e8a6bcb4f1b9b79160f117dcb4a4079bd4acc77af592443b8c96f09d9b7a,28,2026-09-12T20:13:09Z
data/raw/transfermarkt_pages/5358_2018_transfers.html,5358,SD Huesca,2018,https://www.transfermarkt.com/-/transfers/verein/5358/saison_id/2018,202747,33eb6cdb8ba6aab1b4c7538052951a94bd75ae1774612a868b5b901eb9c21e26,45,2026-09-12T20:13:15Z
data/raw/transfermarkt_pages/5358_2019_transfers.html,5358,SD Huesca,2019,https://www.transfermarkt.com/-/transfers/verein/5358/saison_id/2019,222031,497a8328f459cdc8248465ea0e5eba8261e57367ee59001cce0065526ca5bcb6,56,2026-09-12T20:13:21Z
data/raw/transfermarkt_pages/5358_2020_transfers.html,5358,SD Huesca,2020,https://www.transfermarkt.com/-/transfers/verein/5358/saison_id/2020,191852,8da91e7f90da4e73fab53ba2dfa4da7ab88d10c021cb1c7d54beb9de47197a42,39,2026-09-12T20:13:27Z
data/raw/transfermarkt_pages/5358_2021_transfers.html,5358,SD Huesca,2021,https://www.transfermarkt.com/-/transfers/verein/5358/saison_id/2021,194133,df2d05514ecf1daba3a2d0eae676ed8cdad39c2b774f316490825896a691da2a,41,2026-09-12T20:13:34Z
data/raw/transfermarkt_pages/5358_2022_transfers.html,5358,SD Huesca,2022,https://www.transfermarkt.com/-/transfers/verein/5358/saison_id/2022,194950,4510d4c189267e5cdf637ad6c8773ed0e5a9b88dcd44a6b1c67d79b315a90e4c,41,2026-09-12T20:13:42Z
data/raw/transfermarkt_pages/5358_2023_transfers.html,5358,SD Huesca,2023,https://www.transfermarkt.com/-/transfers/verein/5358/saison_id/2023,199761,c0dfa57a5bc097388e1b054846b0a811bea7eb333e627776a7b764107451c639,44,2026-09-12T20:13:48Z
data/raw/transfermarkt_pages/368_2017_transfers.html,368,Sevilla FC,2017,https://www.transfermarkt.com/-/transfers/verein/368/saison_id/2017,188537,dec0ff6afb0a0aa710f6e038127a2c0a31fa3917d010ae8adbfdff15339f5df1,32,2026-09-12T20:13:55Z
data/raw/transfermarkt_pages/368_2018_transfers.html,368,Sevilla FC,2018,https://www.transfermarkt.com/-/transfers/verein/368/saison_id/2018,206639,92f903c7adb0b70014b806f5af5ca4a93095b409e32cb158e014f2b1d85ae726,42,2026-09-12T20:14:01Z
data/raw/transfermarkt_pages/368_2019_transfers.html,368,Sevilla FC,2019,https://www.transfermarkt.com/-/transfers/verein/368/saison_id/2019,244646,b4cdbb821c6454d34b781d7fc7692570a266c25327873a450f5812ad26fcff27,63,2026-09-12T20:14:08Z
data/raw/transfermarkt_pages/368_2020_transfers.html,368,Sevilla FC,2020,https://www.transfermarkt.com/-/transfers/verein/368/saison_id/2020,204647,e9b952a81892235e8893a36fb6e09df26c51fdb6164f4d592c431f7a134e3dd6,41,2026-09-12T20:14:13Z
data/raw/transfermarkt_pages/368_2021_transfers.html,368,Sevilla FC,2021,https://www.transfermarkt.com/-/transfers/verein/368/saison_id/2021,192529,352b4d9bdb1d0b837dfb31216fe86391aa17a94e346898bfa0397da62f3650a9,34,2026-09-12T20:14:20Z
data/raw/transfermarkt_pages/368_2022_transfers.html,368,Sevilla FC,2022,https://www.transfermarkt.com/-/transfers/verein/368/saison_id/2022,217291,e90ebe41dae30c2bd0100d491f025a8287e170ff12e1b2e37d308c54800299b9,47,2026-09-12T20:14:26Z
data/raw/transfermarkt_pages/368_2023_transfers.html,368,Sevilla FC,2023,https://www.transfermarkt.com/-/transfers/verein/368/saison_id/2023,216688,d5d710388ddfd4470dede352d2b1353a43bac7935cba03796c77d8007d150a6b,46,2026-09-12T20:14:32Z
data/raw/transfermarkt_pages/3302_2017_transfers.html,3302,UD Almería,2017,https://www.transfermarkt.com/-/transfers/verein/3302/saison_id/2017,198762,066f22a75f3a04867eb1fb843fad35199d1859d0790547b3fa1d8368c0cd80fd,46,2026-09-12T20:14:39Z
data/raw/transfermarkt_pages/3302_2018_transfers.html,3302,UD Almería,2018,https://www.transfermarkt.com/-/transfers/verein/3302/saison_id/2018,191185,137b5d4bb0938f448fadf7a7e95d39a76f26fb18551b70be9cb5f4001470d34b,40,2026-09-12T20:14:46Z
data/raw/transfermarkt_pages/3302_2019_transfers.html,3302,UD Almería,2019,https://www.transfermarkt.com/-/transfers/verein/3302/saison_id/2019,227729,76aa690d010116b54309b196c1fcfb65d367180ede32df71dfd669fb4a7b0718,60,2026-09-12T20:14:53Z
data/raw/transfermarkt_pages/3302_2020_transfers.html,3302,UD Almería,2020,https://www.transfermarkt.com/-/transfers/verein/3302/saison_id/2020,226718,a811bc705b608bd5fb8db1ba8b70d60eea508fdb27d704ddcb6ed6cec821f11a,60,2026-09-12T20:15:00Z
data/raw/transfermarkt_pages/3302_2021_transfers.html,3302,UD Almería,2021,https://www.transfermarkt.com/-/transfers/verein/3302/saison_id/2021,211482,e9d31c84327f4a8c2acaff80d09dbe7554a765c049d61ece0d7b6e7ce95eb158,51,2026-09-12T20:15:05Z
data/raw/transfermarkt_pages/3302_2022_transfers.html,3302,UD Almería,2022,https://www.transfermarkt.com/-/transfers/verein/3302/saison_id/2022,203145,149d511c6ce61da455c712ecfb58fff94c7165cc874f8ca5d9c5828cabf0fe55,47,2026-09-12T20:15:12Z
data/raw/transfermarkt_pages/3302_2023_transfers.html,3302,UD Almería,2023,https://www.transfermarkt.com/-/transfers/verein/3302/saison_id/2023,199452,e10681aa981018a0c59f23c989bb37131acb34d4c1c284164ebfdbd31e86b085,45,2026-09-12T20:15:18Z
data/raw/transfermarkt_pages/472_2017_transfers.html,472,UD Las Palmas,2017,https://www.transfermarkt.com/-/transfers/verein/472/saison_id/2017,203991,1b0352a6db6f6961918c829e23c105db9f050f8eee7a2fb15ae4fe8ad2ec1333,45,2026-09-12T20:15:24Z
data/raw/transfermarkt_pages/472_2018_transfers.html,472,UD Las Palmas,2018,https://www.transfermarkt.com/-/transfers/verein/472/saison_id/2018,222055,25d6cbe8fe94fc62df31a6862b16b21f36bd250e2dbbfc76f1d59cd5de3b7eaa,55,2026-09-12T20:15:32Z
data/raw/transfermarkt_pages/472_2019_transfers.html,472,UD Las Palmas,2019,https://www.transfermarkt.com/-/transfers/verein/472/saison_id/2019,210069,11b2f0a5b08a8bca3dba023b3ad1fc67a90b4bb371103c77613ce71606f39fa6,49,2026-09-12T20:15:38Z
data/raw/transfermarkt_pages/472_2020_transfers.html,472,UD Las Palmas,2020,https://www.transfermarkt.com/-/transfers/verein/472/saison_id/2020,181380,510dac60b37e27e549c45aa2faccf83dc5e592a1db54a1be74c31dc73215adab,33,2026-09-12T20:15:44Z
data/raw/transfermarkt_pages/472_2021_transfers.html,472,UD Las Palmas,2021,https://www.transfermarkt.com/-/transfers/verein/472/saison_id/2021,186304,a3fd1692d04acac636a82e5ae7f14d859796200c0065099882bce004a8e33bfd,35,2026-09-12T20:15:50Z
data/raw/transfermarkt_pages/472_2022_transfers.html,472,UD Las Palmas,2022,https://www.transfermarkt.com/-/transfers/verein/472/saison_id/2022,176595,1266795f74d2eeae7a5bc880437600a87f4ba738b97db2c53037b6f25873d9bf,30,2026-09-12T20:15:56Z
data/raw/transfermarkt_pages/472_2023_transfers.html,472,UD Las Palmas,2023,https://www.transfermarkt.com/-/transfers/verein/472/saison_id/2023,183516,c0df376e91c8e996ef4a90f1e116686a7b948f91b395c29e2022ad521211d534,34,2026-09-12T20:16:03Z
data/raw/transfermarkt_pages/1049_2017_transfers.html,1049,Valencia CF,2017,https://www.transfermarkt.com/-/transfers/verein/1049/saison_id/2017,214605,e3aa6bdae8c67b0ee91f0f30a6717c73f524f40b2b744b6c0fbff37841053045,46,2026-09-12T20:16:09Z
data/raw/transfermarkt_pages/1049_2018_transfers.html,1049,Valencia CF,2018,https://www.transfermarkt.com/-/transfers/verein/1049/saison_id/2018,211316,d79d2c4bf0530125ff053ef8ceef49e8e62826423fd27f07cea76204baa12347,44,2026-09-12T20:16:15Z
data/raw/transfermarkt_pages/1049_2019_transfers.html,1049,Valencia CF,2019,https://www.transfermarkt.com/-/transfers/verein/1049/saison_id/2019,210511,f2a307b9818dbe25666f99b81b02bc0dfc910730706c7a3f9d7a8287aca2bae5,45,2026-09-12T20:16:21Z
data/raw/transfermarkt_pages/1049_2020_transfers.html,1049,Valencia CF,2020,https://www.transfermarkt.com/-/transfers/verein/1049/saison_id/2020,177253,41d1186238dc861ae7a241384e23511a1aa846fb7170f76f56e23cb0c4c874a2,27,2026-09-12T20:16:28Z
data/raw/transfermarkt_pages/1049_2021_transfers.html,1049,Valencia CF,2021,https://www.transfermarkt.com/-/transfers/verein/1049/saison_id/2021,186159,6fd8f16129b8099050acb4bb100af32884ed63d72e094822981584dd8a47739f,32,2026-09-12T20:16:34Z
data/raw/transfermarkt_pages/1049_2022_transfers.html,1049,Valencia CF,2022,https://www.transfermarkt.com/-/transfers/verein/1049/saison_id/2022,181279,fa4e942ba6bef81c5ba392e35082b6c517afc2c0e5c88deb1bc69158aec07abc,29,2026-09-12T20:16:42Z
data/raw/transfermarkt_pages/1049_2023_transfers.html,1049,Valencia CF,2023,https://www.transfermarkt.com/-/transfers/verein/1049/saison_id/2023,191005,5cb2e3836f4871e563b5016d237774f4e8de7b35ab71fb9e47957424916f88e2,34,2026-09-12T20:16:48Z
data/raw/transfermarkt_pages/1050_2017_transfers.html,1050,Villarreal CF,2017,https://www.transfermarkt.com/-/transfers/verein/1050/saison_id/2017,180958,490986950af9d109abcf21c5b473204d210ed0a0baf6c61aca63d905df531f4c,32,2026-09-12T20:16:55Z
data/raw/transfermarkt_pages/1050_2018_transfers.html,1050,Villarreal CF,2018,https://www.transfermarkt.com/-/transfers/verein/1050/saison_id/2018,211218,0b1e0af6f3f9d7865fcfda401fcd5082069e274774ecaf73c83f34e89bd27a98,48,2026-09-12T20:17:00Z
data/raw/transfermarkt_pages/1050_2019_transfers.html,1050,Villarreal CF,2019,https://www.transfermarkt.com/-/transfers/verein/1050/saison_id/2019,192526,d9b953525ee29e704267a931f9e146b59b24d9831dab694511358c314ec74c45,39,2026-09-12T18:20:52Z
data/raw/transfermarkt_pages/1050_2020_transfers.html,1050,Villarreal CF,2020,https://www.transfermarkt.com/-/transfers/verein/1050/saison_id/2020,201243,a8c69b12a5b5da5dce75ef367170e83355a7d449988d9128e46c4f5b2be96d9c,44,2026-09-12T20:17:06Z
data/raw/transfermarkt_pages/1050_2021_transfers.html,1050,Villarreal CF,2021,https://www.transfermarkt.com/-/transfers/verein/1050/saison_id/2021,198402,78fe627fbec937230fc5aa38c72a3683757fa98aab3c313d5acbb7d6a778c645,42,2026-09-12T20:17:13Z
data/raw/transfermarkt_pages/1050_2022_transfers.html,1050,Villarreal CF,2022,https://www.transfermarkt.com/-/transfers/verein/1050/saison_id/2022,185563,4b8ff8f9ab0e61313971933d8d03c99df9eb9bfebf51b7b4d817189489d296f4,35,2026-09-12T20:17:20Z
data/raw/transfermarkt_pages/1050_2023_transfers.html,1050,Villarreal CF,2023,https://www.transfermarkt.com/-/transfers/verein/1050/saison_id/2023,178685,adb87afa0e403a56f7f5843899067a94b7afd5248c97d08298aa93e64cc95696,31,2026-09-12T20:17:25Z
